"ID","Name","LongName","Parent","McCC","CLOC","PDA","PUA","LLOC","LOC"
"L123","HadoopArchives.java","C:/Users/Sarkar/Desktop/sm/hadoop-release-2.3.0/hadoop-tools/hadoop-archives/src/main/java/org/apache/hadoop/tools/HadoopArchives.java","L122","75","0","3","3","666","911"
"L130","TestHadoopArchives.java","C:/Users/Sarkar/Desktop/sm/hadoop-release-2.3.0/hadoop-tools/hadoop-archives/src/test/java/org/apache/hadoop/tools/TestHadoopArchives.java","L129","45","0","1","6","523","665"
"L139","CopyListing.java","C:/Users/Sarkar/Desktop/sm/hadoop-release-2.3.0/hadoop-tools/hadoop-distcp/src/main/java/org/apache/hadoop/tools/CopyListing.java","L138","4","0","3","0","85","219"
"L140","DistCp.java","C:/Users/Sarkar/Desktop/sm/hadoop-release-2.3.0/hadoop-tools/hadoop-distcp/src/main/java/org/apache/hadoop/tools/DistCp.java","L138","21","0","5","0","253","425"
"L141","DistCpConstants.java","C:/Users/Sarkar/Desktop/sm/hadoop-release-2.3.0/hadoop-tools/hadoop-distcp/src/main/java/org/apache/hadoop/tools/DistCpConstants.java","L138","1","0","1","0","36","105"
"L142","DistCpOptions.java","C:/Users/Sarkar/Desktop/sm/hadoop-release-2.3.0/hadoop-tools/hadoop-distcp/src/main/java/org/apache/hadoop/tools/DistCpOptions.java","L138","23","0","39","3","246","526"
"L143","DistCpOptionSwitch.java","C:/Users/Sarkar/Desktop/sm/hadoop-release-2.3.0/hadoop-tools/hadoop-distcp/src/main/java/org/apache/hadoop/tools/DistCpOptionSwitch.java","L138","1","0","6","1","78","219"
"L144","FileBasedCopyListing.java","C:/Users/Sarkar/Desktop/sm/hadoop-release-2.3.0/hadoop-tools/hadoop-distcp/src/main/java/org/apache/hadoop/tools/FileBasedCopyListing.java","L138","2","0","3","0","52","101"
"L145","GlobbedCopyListing.java","C:/Users/Sarkar/Desktop/sm/hadoop-release-2.3.0/hadoop-tools/hadoop-distcp/src/main/java/org/apache/hadoop/tools/GlobbedCopyListing.java","L138","6","0","3","0","53","106"
"L146","OptionsParser.java","C:/Users/Sarkar/Desktop/sm/hadoop-release-2.3.0/hadoop-tools/hadoop-distcp/src/main/java/org/apache/hadoop/tools/OptionsParser.java","L138","40","0","2","1","181","251"
"L147","SimpleCopyListing.java","C:/Users/Sarkar/Desktop/sm/hadoop-release-2.3.0/hadoop-tools/hadoop-distcp/src/main/java/org/apache/hadoop/tools/SimpleCopyListing.java","L138","37","0","2","1","201","281"
"L1480","CopyCommitter.java","C:/Users/Sarkar/Desktop/sm/hadoop-release-2.3.0/hadoop-tools/hadoop-distcp/src/main/java/org/apache/hadoop/tools/mapred/CopyCommitter.java","L1479","25","0","4","0","195","298"
"L1481","CopyMapper.java","C:/Users/Sarkar/Desktop/sm/hadoop-release-2.3.0/hadoop-tools/hadoop-distcp/src/main/java/org/apache/hadoop/tools/mapred/CopyMapper.java","L1479","32","0","4","0","231","331"
"L1482","CopyOutputFormat.java","C:/Users/Sarkar/Desktop/sm/hadoop-release-2.3.0/hadoop-tools/hadoop-distcp/src/main/java/org/apache/hadoop/tools/mapred/CopyOutputFormat.java","L1479","7","0","7","0","57","125"
"L1483","RetriableDirectoryCreateCommand.java","C:/Users/Sarkar/Desktop/sm/hadoop-release-2.3.0/hadoop-tools/hadoop-distcp/src/main/java/org/apache/hadoop/tools/mapred/RetriableDirectoryCreateCommand.java","L1479","1","0","2","0","18","57"
"L1484","RetriableFileCopyCommand.java","C:/Users/Sarkar/Desktop/sm/hadoop-release-2.3.0/hadoop-tools/hadoop-distcp/src/main/java/org/apache/hadoop/tools/mapred/RetriableFileCopyCommand.java","L1479","19","0","4","1","192","272"
"L1485","UniformSizeInputFormat.java","C:/Users/Sarkar/Desktop/sm/hadoop-release-2.3.0/hadoop-tools/hadoop-distcp/src/main/java/org/apache/hadoop/tools/mapred/UniformSizeInputFormat.java","L1479","11","0","3","0","106","170"
"L2651","DistCpUtils.java","C:/Users/Sarkar/Desktop/sm/hadoop-release-2.3.0/hadoop-tools/hadoop-distcp/src/main/java/org/apache/hadoop/tools/util/DistCpUtils.java","L2650","31","0","13","2","181","344"
"L2652","RetriableCommand.java","C:/Users/Sarkar/Desktop/sm/hadoop-release-2.3.0/hadoop-tools/hadoop-distcp/src/main/java/org/apache/hadoop/tools/util/RetriableCommand.java","L2650","4","0","5","0","50","115"
"L2653","ThrottledInputStream.java","C:/Users/Sarkar/Desktop/sm/hadoop-release-2.3.0/hadoop-tools/hadoop-distcp/src/main/java/org/apache/hadoop/tools/util/ThrottledInputStream.java","L2650","7","0","8","3","83","145"
"L1732","DynamicInputChunk.java","C:/Users/Sarkar/Desktop/sm/hadoop-release-2.3.0/hadoop-tools/hadoop-distcp/src/main/java/org/apache/hadoop/tools/mapred/lib/DynamicInputChunk.java","L1731","9","0","0","0","133","247"
"L1733","DynamicInputFormat.java","C:/Users/Sarkar/Desktop/sm/hadoop-release-2.3.0/hadoop-tools/hadoop-distcp/src/main/java/org/apache/hadoop/tools/mapred/lib/DynamicInputFormat.java","L1731","12","0","3","0","183","293"
"L1734","DynamicRecordReader.java","C:/Users/Sarkar/Desktop/sm/hadoop-release-2.3.0/hadoop-tools/hadoop-distcp/src/main/java/org/apache/hadoop/tools/mapred/lib/DynamicRecordReader.java","L1731","12","0","7","0","111","204"
"L154","StubContext.java","C:/Users/Sarkar/Desktop/sm/hadoop-release-2.3.0/hadoop-tools/hadoop-distcp/src/test/java/org/apache/hadoop/tools/StubContext.java","L153","1","0","0","19","82","140"
"L155","TestCopyListing.java","C:/Users/Sarkar/Desktop/sm/hadoop-release-2.3.0/hadoop-tools/hadoop-distcp/src/test/java/org/apache/hadoop/tools/TestCopyListing.java","L153","13","0","0","9","229","281"
"L156","TestDistCpViewFs.java","C:/Users/Sarkar/Desktop/sm/hadoop-release-2.3.0/hadoop-tools/hadoop-distcp/src/test/java/org/apache/hadoop/tools/TestDistCpViewFs.java","L153","26","0","0","18","382","486"
"L157","TestExternalCall.java","C:/Users/Sarkar/Desktop/sm/hadoop-release-2.3.0/hadoop-tools/hadoop-distcp/src/test/java/org/apache/hadoop/tools/TestExternalCall.java","L153","3","0","2","3","108","167"
"L158","TestFileBasedCopyListing.java","C:/Users/Sarkar/Desktop/sm/hadoop-release-2.3.0/hadoop-tools/hadoop-distcp/src/test/java/org/apache/hadoop/tools/TestFileBasedCopyListing.java","L153","22","0","0","18","423","543"
"L159","TestGlobbedCopyListing.java","C:/Users/Sarkar/Desktop/sm/hadoop-release-2.3.0/hadoop-tools/hadoop-distcp/src/test/java/org/apache/hadoop/tools/TestGlobbedCopyListing.java","L153","3","0","0","4","100","136"
"L160","TestIntegration.java","C:/Users/Sarkar/Desktop/sm/hadoop-release-2.3.0/hadoop-tools/hadoop-distcp/src/test/java/org/apache/hadoop/tools/TestIntegration.java","L153","29","0","0","21","447","566"
"L161","TestOptionsParser.java","C:/Users/Sarkar/Desktop/sm/hadoop-release-2.3.0/hadoop-tools/hadoop-distcp/src/test/java/org/apache/hadoop/tools/TestOptionsParser.java","L153","14","0","0","26","445","523"
"L1487","TestCopyCommitter.java","C:/Users/Sarkar/Desktop/sm/hadoop-release-2.3.0/hadoop-tools/hadoop-distcp/src/test/java/org/apache/hadoop/tools/mapred/TestCopyCommitter.java","L1486","26","0","0","11","340","423"
"L1488","TestCopyMapper.java","C:/Users/Sarkar/Desktop/sm/hadoop-release-2.3.0/hadoop-tools/hadoop-distcp/src/test/java/org/apache/hadoop/tools/mapred/TestCopyMapper.java","L1486","69","0","1","14","753","895"
"L1489","TestCopyOutputFormat.java","C:/Users/Sarkar/Desktop/sm/hadoop-release-2.3.0/hadoop-tools/hadoop-distcp/src/test/java/org/apache/hadoop/tools/mapred/TestCopyOutputFormat.java","L1486","10","0","0","5","101","136"
"L1490","TestRetriableFileCopyCommand.java","C:/Users/Sarkar/Desktop/sm/hadoop-release-2.3.0/hadoop-tools/hadoop-distcp/src/test/java/org/apache/hadoop/tools/mapred/TestRetriableFileCopyCommand.java","L1486","2","0","0","2","35","60"
"L1491","TestUniformSizeInputFormat.java","C:/Users/Sarkar/Desktop/sm/hadoop-release-2.3.0/hadoop-tools/hadoop-distcp/src/test/java/org/apache/hadoop/tools/mapred/TestUniformSizeInputFormat.java","L1486","8","0","0","5","138","184"
"L2655","TestDistCpUtils.java","C:/Users/Sarkar/Desktop/sm/hadoop-release-2.3.0/hadoop-tools/hadoop-distcp/src/test/java/org/apache/hadoop/tools/util/TestDistCpUtils.java","L2654","12","0","0","12","170","221"
"L2656","TestRetriableCommand.java","C:/Users/Sarkar/Desktop/sm/hadoop-release-2.3.0/hadoop-tools/hadoop-distcp/src/test/java/org/apache/hadoop/tools/util/TestRetriableCommand.java","L2654","5","0","0","2","51","82"
"L2657","TestThrottledInputStream.java","C:/Users/Sarkar/Desktop/sm/hadoop-release-2.3.0/hadoop-tools/hadoop-distcp/src/test/java/org/apache/hadoop/tools/util/TestThrottledInputStream.java","L2654","10","0","0","2","105","158"
"L1736","TestDynamicInputFormat.java","C:/Users/Sarkar/Desktop/sm/hadoop-release-2.3.0/hadoop-tools/hadoop-distcp/src/test/java/org/apache/hadoop/tools/mapred/lib/TestDynamicInputFormat.java","L1735","4","0","0","5","123","163"
"L170","DistCh.java","C:/Users/Sarkar/Desktop/sm/hadoop-release-2.3.0/hadoop-tools/hadoop-extras/src/main/java/org/apache/hadoop/tools/DistCh.java","L169","56","0","2","1","419","523"
"L171","DistCpV1.java","C:/Users/Sarkar/Desktop/sm/hadoop-release-2.3.0/hadoop-tools/hadoop-extras/src/main/java/org/apache/hadoop/tools/DistCpV1.java","L169","228","0","3","6","1310","1702"
"L172","DistTool.java","C:/Users/Sarkar/Desktop/sm/hadoop-release-2.3.0/hadoop-tools/hadoop-extras/src/main/java/org/apache/hadoop/tools/DistTool.java","L169","10","0","0","0","80","118"
"L173","Logalyzer.java","C:/Users/Sarkar/Desktop/sm/hadoop-release-2.3.0/hadoop-tools/hadoop-extras/src/main/java/org/apache/hadoop/tools/Logalyzer.java","L169","24","0","5","6","217","326"
"L174","package-info.java","C:/Users/Sarkar/Desktop/sm/hadoop-release-2.3.0/hadoop-tools/hadoop-extras/src/main/java/org/apache/hadoop/tools/package-info.java","L169","1","0","0","0","1","23"
"L10452","GetGroups.java","C:/Users/Sarkar/Desktop/sm/hadoop-release-2.3.0/hadoop-tools/hadoop-extras/src/main/java/org/apache/hadoop/mapred/tools/GetGroups.java","L10451","1","0","1","1","28","58"
"L10453","package-info.java","C:/Users/Sarkar/Desktop/sm/hadoop-release-2.3.0/hadoop-tools/hadoop-extras/src/main/java/org/apache/hadoop/mapred/tools/package-info.java","L10451","1","0","0","0","1","23"
"L181","TestCopyFiles.java","C:/Users/Sarkar/Desktop/sm/hadoop-release-2.3.0/hadoop-tools/hadoop-extras/src/test/java/org/apache/hadoop/tools/TestCopyFiles.java","L180","58","0","10","8","939","1120"
"L182","TestDistCh.java","C:/Users/Sarkar/Desktop/sm/hadoop-release-2.3.0/hadoop-tools/hadoop-extras/src/test/java/org/apache/hadoop/tools/TestDistCh.java","L180","12","0","0","2","167","223"
"L183","TestLogalyzer.java","C:/Users/Sarkar/Desktop/sm/hadoop-release-2.3.0/hadoop-tools/hadoop-extras/src/test/java/org/apache/hadoop/tools/TestLogalyzer.java","L180","1","0","0","2","82","133"
"L10456","TestGetGroups.java","C:/Users/Sarkar/Desktop/sm/hadoop-release-2.3.0/hadoop-tools/hadoop-extras/src/test/java/org/apache/hadoop/mapred/tools/TestGetGroups.java","L10455","1","0","1","2","27","56"
"L4568","AbstractClusterStory.java","C:/Users/Sarkar/Desktop/sm/hadoop-release-2.3.0/hadoop-tools/hadoop-rumen/src/main/java/org/apache/hadoop/tools/rumen/AbstractClusterStory.java","L4567","22","0","1","7","143","185"
"L4569","Anonymizer.java","C:/Users/Sarkar/Desktop/sm/hadoop-release-2.3.0/hadoop-tools/hadoop-rumen/src/main/java/org/apache/hadoop/tools/rumen/Anonymizer.java","L4567","19","0","2","2","185","273"
"L4570","CDFPiecewiseLinearRandomGenerator.java","C:/Users/Sarkar/Desktop/sm/hadoop-release-2.3.0/hadoop-tools/hadoop-rumen/src/main/java/org/apache/hadoop/tools/rumen/CDFPiecewiseLinearRandomGenerator.java","L4567","1","0","3","1","22","69"
"L4571","CDFRandomGenerator.java","C:/Users/Sarkar/Desktop/sm/hadoop-release-2.3.0/hadoop-tools/hadoop-rumen/src/main/java/org/apache/hadoop/tools/rumen/CDFRandomGenerator.java","L4567","2","0","1","2","46","90"
"L4572","ClusterStory.java","C:/Users/Sarkar/Desktop/sm/hadoop-release-2.3.0/hadoop-tools/hadoop-rumen/src/main/java/org/apache/hadoop/tools/rumen/ClusterStory.java","L4567","1","0","9","0","13","84"
"L4573","ClusterTopologyReader.java","C:/Users/Sarkar/Desktop/sm/hadoop-release-2.3.0/hadoop-tools/hadoop-rumen/src/main/java/org/apache/hadoop/tools/rumen/ClusterTopologyReader.java","L4567","2","0","4","0","34","82"
"L4574","CurrentJHParser.java","C:/Users/Sarkar/Desktop/sm/hadoop-release-2.3.0/hadoop-tools/hadoop-rumen/src/main/java/org/apache/hadoop/tools/rumen/CurrentJHParser.java","L4567","3","0","2","3","45","89"
"L4575","DeepCompare.java","C:/Users/Sarkar/Desktop/sm/hadoop-release-2.3.0/hadoop-tools/hadoop-rumen/src/main/java/org/apache/hadoop/tools/rumen/DeepCompare.java","L4567","1","0","2","0","5","46"
"L4576","DeepInequalityException.java","C:/Users/Sarkar/Desktop/sm/hadoop-release-2.3.0/hadoop-tools/hadoop-rumen/src/main/java/org/apache/hadoop/tools/rumen/DeepInequalityException.java","L4567","1","0","3","0","14","62"
"L4577","DefaultInputDemuxer.java","C:/Users/Sarkar/Desktop/sm/hadoop-release-2.3.0/hadoop-tools/hadoop-rumen/src/main/java/org/apache/hadoop/tools/rumen/DefaultInputDemuxer.java","L4567","4","0","1","3","40","71"
"L4578","DefaultOutputter.java","C:/Users/Sarkar/Desktop/sm/hadoop-release-2.3.0/hadoop-tools/hadoop-rumen/src/main/java/org/apache/hadoop/tools/rumen/DefaultOutputter.java","L4567","3","0","1","3","42","70"
"L4579","DeskewedJobTraceReader.java","C:/Users/Sarkar/Desktop/sm/hadoop-release-2.3.0/hadoop-tools/hadoop-rumen/src/main/java/org/apache/hadoop/tools/rumen/DeskewedJobTraceReader.java","L4567","19","0","1","3","119","202"
"L4580","Folder.java","C:/Users/Sarkar/Desktop/sm/hadoop-release-2.3.0/hadoop-tools/hadoop-rumen/src/main/java/org/apache/hadoop/tools/rumen/Folder.java","L4567","77","0","1","3","395","548"
"L4581","Hadoop20JHParser.java","C:/Users/Sarkar/Desktop/sm/hadoop-release-2.3.0/hadoop-tools/hadoop-rumen/src/main/java/org/apache/hadoop/tools/rumen/Hadoop20JHParser.java","L4567","18","0","2","4","148","217"
"L4582","HadoopLogsAnalyzer.java","C:/Users/Sarkar/Desktop/sm/hadoop-release-2.3.0/hadoop-tools/hadoop-rumen/src/main/java/org/apache/hadoop/tools/rumen/HadoopLogsAnalyzer.java","L4567","247","0","2","2","1321","1851"
"L4583","Histogram.java","C:/Users/Sarkar/Desktop/sm/hadoop-release-2.3.0/hadoop-tools/hadoop-rumen/src/main/java/org/apache/hadoop/tools/rumen/Histogram.java","L4567","9","0","0","0","76","165"
"L4584","HistoryEventEmitter.java","C:/Users/Sarkar/Desktop/sm/hadoop-release-2.3.0/hadoop-tools/hadoop-rumen/src/main/java/org/apache/hadoop/tools/rumen/HistoryEventEmitter.java","L4567","7","0","0","0","64","96"
"L4585","InputDemuxer.java","C:/Users/Sarkar/Desktop/sm/hadoop-release-2.3.0/hadoop-tools/hadoop-rumen/src/main/java/org/apache/hadoop/tools/rumen/InputDemuxer.java","L4567","1","0","3","0","10","57"
"L4586","Job20LineHistoryEventEmitter.java","C:/Users/Sarkar/Desktop/sm/hadoop-release-2.3.0/hadoop-tools/hadoop-rumen/src/main/java/org/apache/hadoop/tools/rumen/Job20LineHistoryEventEmitter.java","L4567","31","0","0","1","205","278"
"L4587","JobBuilder.java","C:/Users/Sarkar/Desktop/sm/hadoop-release-2.3.0/hadoop-tools/hadoop-rumen/src/main/java/org/apache/hadoop/tools/rumen/JobBuilder.java","L4567","91","0","4","2","574","778"
"L4588","JobConfigurationParser.java","C:/Users/Sarkar/Desktop/sm/hadoop-release-2.3.0/hadoop-tools/hadoop-rumen/src/main/java/org/apache/hadoop/tools/rumen/JobConfigurationParser.java","L4567","17","0","1","0","68","118"
"L4589","JobConfPropertyNames.java","C:/Users/Sarkar/Desktop/sm/hadoop-release-2.3.0/hadoop-tools/hadoop-rumen/src/main/java/org/apache/hadoop/tools/rumen/JobConfPropertyNames.java","L4567","1","0","0","2","17","41"
"L4590","JobHistoryParser.java","C:/Users/Sarkar/Desktop/sm/hadoop-release-2.3.0/hadoop-tools/hadoop-rumen/src/main/java/org/apache/hadoop/tools/rumen/JobHistoryParser.java","L4567","1","0","2","0","7","37"
"L4591","JobHistoryParserFactory.java","C:/Users/Sarkar/Desktop/sm/hadoop-release-2.3.0/hadoop-tools/hadoop-rumen/src/main/java/org/apache/hadoop/tools/rumen/JobHistoryParserFactory.java","L4567","3","0","1","2","40","73"
"L4592","JobHistoryUtils.java","C:/Users/Sarkar/Desktop/sm/hadoop-release-2.3.0/hadoop-tools/hadoop-rumen/src/main/java/org/apache/hadoop/tools/rumen/JobHistoryUtils.java","L4567","13","0","1","0","82","169"
"L4593","JobStory.java","C:/Users/Sarkar/Desktop/sm/hadoop-release-2.3.0/hadoop-tools/hadoop-rumen/src/main/java/org/apache/hadoop/tools/rumen/JobStory.java","L4567","1","0","14","0","26","125"
"L4594","JobStoryProducer.java","C:/Users/Sarkar/Desktop/sm/hadoop-release-2.3.0/hadoop-tools/hadoop-rumen/src/main/java/org/apache/hadoop/tools/rumen/JobStoryProducer.java","L4567","1","0","2","0","6","34"
"L4595","JobTraceReader.java","C:/Users/Sarkar/Desktop/sm/hadoop-release-2.3.0/hadoop-tools/hadoop-rumen/src/main/java/org/apache/hadoop/tools/rumen/JobTraceReader.java","L4567","1","0","3","0","13","52"
"L4596","JsonObjectMapperParser.java","C:/Users/Sarkar/Desktop/sm/hadoop-release-2.3.0/hadoop-tools/hadoop-rumen/src/main/java/org/apache/hadoop/tools/rumen/JsonObjectMapperParser.java","L4567","2","0","0","0","43","95"
"L4597","JsonObjectMapperWriter.java","C:/Users/Sarkar/Desktop/sm/hadoop-release-2.3.0/hadoop-tools/hadoop-rumen/src/main/java/org/apache/hadoop/tools/rumen/JsonObjectMapperWriter.java","L4567","2","0","1","3","40","76"
"L4598","LoggedDiscreteCDF.java","C:/Users/Sarkar/Desktop/sm/hadoop-release-2.3.0/hadoop-tools/hadoop-rumen/src/main/java/org/apache/hadoop/tools/rumen/LoggedDiscreteCDF.java","L4567","11","0","1","5","80","145"
"L4599","LoggedJob.java","C:/Users/Sarkar/Desktop/sm/hadoop-release-2.3.0/hadoop-tools/hadoop-rumen/src/main/java/org/apache/hadoop/tools/rumen/LoggedJob.java","L4567","57","0","4","34","494","680"
"L4600","LoggedLocation.java","C:/Users/Sarkar/Desktop/sm/hadoop-release-2.3.0/hadoop-tools/hadoop-rumen/src/main/java/org/apache/hadoop/tools/rumen/LoggedLocation.java","L4567","15","0","2","2","80","141"
"L4601","LoggedNetworkTopology.java","C:/Users/Sarkar/Desktop/sm/hadoop-release-2.3.0/hadoop-tools/hadoop-rumen/src/main/java/org/apache/hadoop/tools/rumen/LoggedNetworkTopology.java","L4567","14","0","2","4","105","178"
"L4602","LoggedSingleRelativeRanking.java","C:/Users/Sarkar/Desktop/sm/hadoop-release-2.3.0/hadoop-tools/hadoop-rumen/src/main/java/org/apache/hadoop/tools/rumen/LoggedSingleRelativeRanking.java","L4567","5","0","1","4","54","102"
"L4603","LoggedTask.java","C:/Users/Sarkar/Desktop/sm/hadoop-release-2.3.0/hadoop-tools/hadoop-rumen/src/main/java/org/apache/hadoop/tools/rumen/LoggedTask.java","L4567","35","0","3","12","283","372"
"L4604","LoggedTaskAttempt.java","C:/Users/Sarkar/Desktop/sm/hadoop-release-2.3.0/hadoop-tools/hadoop-rumen/src/main/java/org/apache/hadoop/tools/rumen/LoggedTaskAttempt.java","L4567","41","0","6","32","574","771"
"L4605","LogRecordType.java","C:/Users/Sarkar/Desktop/sm/hadoop-release-2.3.0/hadoop-tools/hadoop-rumen/src/main/java/org/apache/hadoop/tools/rumen/LogRecordType.java","L4567","3","0","0","0","38","74"
"L4606","MachineNode.java","C:/Users/Sarkar/Desktop/sm/hadoop-release-2.3.0/hadoop-tools/hadoop-rumen/src/main/java/org/apache/hadoop/tools/rumen/MachineNode.java","L4567","1","0","18","3","89","206"
"L4607","MapAttempt20LineHistoryEventEmitter.java","C:/Users/Sarkar/Desktop/sm/hadoop-release-2.3.0/hadoop-tools/hadoop-rumen/src/main/java/org/apache/hadoop/tools/rumen/MapAttempt20LineHistoryEventEmitter.java","L4567","7","0","0","1","61","95"
"L4608","MapTaskAttemptInfo.java","C:/Users/Sarkar/Desktop/sm/hadoop-release-2.3.0/hadoop-tools/hadoop-rumen/src/main/java/org/apache/hadoop/tools/rumen/MapTaskAttemptInfo.java","L4567","2","0","3","2","26","73"
"L4609","Node.java","C:/Users/Sarkar/Desktop/sm/hadoop-release-2.3.0/hadoop-tools/hadoop-rumen/src/main/java/org/apache/hadoop/tools/rumen/Node.java","L4567","11","0","8","4","77","149"
"L4610","Outputter.java","C:/Users/Sarkar/Desktop/sm/hadoop-release-2.3.0/hadoop-tools/hadoop-rumen/src/main/java/org/apache/hadoop/tools/rumen/Outputter.java","L4567","1","0","3","0","9","45"
"L4611","package-info.java","C:/Users/Sarkar/Desktop/sm/hadoop-release-2.3.0/hadoop-tools/hadoop-rumen/src/main/java/org/apache/hadoop/tools/rumen/package-info.java","L4567","1","0","0","0","1","377"
"L4612","Pair.java","C:/Users/Sarkar/Desktop/sm/hadoop-release-2.3.0/hadoop-tools/hadoop-rumen/src/main/java/org/apache/hadoop/tools/rumen/Pair.java","L4567","1","0","0","0","16","39"
"L4613","ParsedConfigFile.java","C:/Users/Sarkar/Desktop/sm/hadoop-release-2.3.0/hadoop-tools/hadoop-rumen/src/main/java/org/apache/hadoop/tools/rumen/ParsedConfigFile.java","L4567","28","0","0","0","149","211"
"L4614","ParsedHost.java","C:/Users/Sarkar/Desktop/sm/hadoop-release-2.3.0/hadoop-tools/hadoop-rumen/src/main/java/org/apache/hadoop/tools/rumen/ParsedHost.java","L4567","10","0","0","7","81","135"
"L4615","ParsedJob.java","C:/Users/Sarkar/Desktop/sm/hadoop-release-2.3.0/hadoop-tools/hadoop-rumen/src/main/java/org/apache/hadoop/tools/rumen/ParsedJob.java","L4567","7","0","9","0","94","180"
"L4616","ParsedLine.java","C:/Users/Sarkar/Desktop/sm/hadoop-release-2.3.0/hadoop-tools/hadoop-rumen/src/main/java/org/apache/hadoop/tools/rumen/ParsedLine.java","L4567","4","0","0","0","41","92"
"L4617","ParsedTask.java","C:/Users/Sarkar/Desktop/sm/hadoop-release-2.3.0/hadoop-tools/hadoop-rumen/src/main/java/org/apache/hadoop/tools/rumen/ParsedTask.java","L4567","5","0","8","1","71","132"
"L4618","ParsedTaskAttempt.java","C:/Users/Sarkar/Desktop/sm/hadoop-release-2.3.0/hadoop-tools/hadoop-rumen/src/main/java/org/apache/hadoop/tools/rumen/ParsedTaskAttempt.java","L4567","1","0","8","1","59","120"
"L4619","PossiblyDecompressedInputStream.java","C:/Users/Sarkar/Desktop/sm/hadoop-release-2.3.0/hadoop-tools/hadoop-rumen/src/main/java/org/apache/hadoop/tools/rumen/PossiblyDecompressedInputStream.java","L4567","3","0","0","0","44","76"
"L4620","Pre21JobHistoryConstants.java","C:/Users/Sarkar/Desktop/sm/hadoop-release-2.3.0/hadoop-tools/hadoop-rumen/src/main/java/org/apache/hadoop/tools/rumen/Pre21JobHistoryConstants.java","L4567","1","0","2","0","30","85"
"L4621","RackNode.java","C:/Users/Sarkar/Desktop/sm/hadoop-release-2.3.0/hadoop-tools/hadoop-rumen/src/main/java/org/apache/hadoop/tools/rumen/RackNode.java","L4567","3","0","2","2","19","49"
"L4622","RandomSeedGenerator.java","C:/Users/Sarkar/Desktop/sm/hadoop-release-2.3.0/hadoop-tools/hadoop-rumen/src/main/java/org/apache/hadoop/tools/rumen/RandomSeedGenerator.java","L4567","3","0","2","0","31","86"
"L4623","ReduceAttempt20LineHistoryEventEmitter.java","C:/Users/Sarkar/Desktop/sm/hadoop-release-2.3.0/hadoop-tools/hadoop-rumen/src/main/java/org/apache/hadoop/tools/rumen/ReduceAttempt20LineHistoryEventEmitter.java","L4567","9","0","0","1","66","101"
"L4624","ReduceTaskAttemptInfo.java","C:/Users/Sarkar/Desktop/sm/hadoop-release-2.3.0/hadoop-tools/hadoop-rumen/src/main/java/org/apache/hadoop/tools/rumen/ReduceTaskAttemptInfo.java","L4567","2","0","5","2","36","95"
"L4625","ResourceUsageMetrics.java","C:/Users/Sarkar/Desktop/sm/hadoop-release-2.3.0/hadoop-tools/hadoop-rumen/src/main/java/org/apache/hadoop/tools/rumen/ResourceUsageMetrics.java","L4567","4","0","10","4","92","161"
"L4626","RewindableInputStream.java","C:/Users/Sarkar/Desktop/sm/hadoop-release-2.3.0/hadoop-tools/hadoop-rumen/src/main/java/org/apache/hadoop/tools/rumen/RewindableInputStream.java","L4567","2","0","3","4","34","79"
"L4627","SingleEventEmitter.java","C:/Users/Sarkar/Desktop/sm/hadoop-release-2.3.0/hadoop-tools/hadoop-rumen/src/main/java/org/apache/hadoop/tools/rumen/SingleEventEmitter.java","L4567","1","0","0","0","6","26"
"L4628","Task20LineHistoryEventEmitter.java","C:/Users/Sarkar/Desktop/sm/hadoop-release-2.3.0/hadoop-tools/hadoop-rumen/src/main/java/org/apache/hadoop/tools/rumen/Task20LineHistoryEventEmitter.java","L4567","18","0","0","1","124","183"
"L4629","TaskAttempt20LineEventEmitter.java","C:/Users/Sarkar/Desktop/sm/hadoop-release-2.3.0/hadoop-tools/hadoop-rumen/src/main/java/org/apache/hadoop/tools/rumen/TaskAttempt20LineEventEmitter.java","L4567","16","0","0","1","121","172"
"L4630","TaskAttemptInfo.java","C:/Users/Sarkar/Desktop/sm/hadoop-release-2.3.0/hadoop-tools/hadoop-rumen/src/main/java/org/apache/hadoop/tools/rumen/TaskAttemptInfo.java","L4567","3","0","4","1","32","79"
"L4631","TaskInfo.java","C:/Users/Sarkar/Desktop/sm/hadoop-release-2.3.0/hadoop-tools/hadoop-rumen/src/main/java/org/apache/hadoop/tools/rumen/TaskInfo.java","L4567","1","0","6","3","41","88"
"L4632","TopologyBuilder.java","C:/Users/Sarkar/Desktop/sm/hadoop-release-2.3.0/hadoop-tools/hadoop-rumen/src/main/java/org/apache/hadoop/tools/rumen/TopologyBuilder.java","L4567","14","0","4","0","77","139"
"L4633","TraceBuilder.java","C:/Users/Sarkar/Desktop/sm/hadoop-release-2.3.0/hadoop-tools/hadoop-rumen/src/main/java/org/apache/hadoop/tools/rumen/TraceBuilder.java","L4567","30","0","1","2","221","316"
"L4634","TreePath.java","C:/Users/Sarkar/Desktop/sm/hadoop-release-2.3.0/hadoop-tools/hadoop-rumen/src/main/java/org/apache/hadoop/tools/rumen/TreePath.java","L4567","3","0","1","3","23","58"
"L4635","Version20LogInterfaceUtils.java","C:/Users/Sarkar/Desktop/sm/hadoop-release-2.3.0/hadoop-tools/hadoop-rumen/src/main/java/org/apache/hadoop/tools/rumen/Version20LogInterfaceUtils.java","L4567","4","0","0","0","17","42"
"L4636","ZombieCluster.java","C:/Users/Sarkar/Desktop/sm/hadoop-release-2.3.0/hadoop-tools/hadoop-rumen/src/main/java/org/apache/hadoop/tools/rumen/ZombieCluster.java","L4567","13","0","4","1","81","151"
"L4637","ZombieJob.java","C:/Users/Sarkar/Desktop/sm/hadoop-release-2.3.0/hadoop-tools/hadoop-rumen/src/main/java/org/apache/hadoop/tools/rumen/ZombieJob.java","L4567","108","0","8","11","683","939"
"L4638","ZombieJobProducer.java","C:/Users/Sarkar/Desktop/sm/hadoop-release-2.3.0/hadoop-tools/hadoop-rumen/src/main/java/org/apache/hadoop/tools/rumen/ZombieJobProducer.java","L4567","4","0","5","2","51","134"
"L4788","DataAnonymizer.java","C:/Users/Sarkar/Desktop/sm/hadoop-release-2.3.0/hadoop-tools/hadoop-rumen/src/main/java/org/apache/hadoop/tools/rumen/anonymization/DataAnonymizer.java","L4787","1","0","1","1","5","28"
"L4789","WordList.java","C:/Users/Sarkar/Desktop/sm/hadoop-release-2.3.0/hadoop-tools/hadoop-rumen/src/main/java/org/apache/hadoop/tools/rumen/anonymization/WordList.java","L4787","2","0","10","3","52","124"
"L4790","WordListAnonymizerUtility.java","C:/Users/Sarkar/Desktop/sm/hadoop-release-2.3.0/hadoop-tools/hadoop-rumen/src/main/java/org/apache/hadoop/tools/rumen/anonymization/WordListAnonymizerUtility.java","L4787","8","0","6","0","43","110"
"L5128","AnonymizableDataType.java","C:/Users/Sarkar/Desktop/sm/hadoop-release-2.3.0/hadoop-tools/hadoop-rumen/src/main/java/org/apache/hadoop/tools/rumen/datatypes/AnonymizableDataType.java","L5127","1","0","1","1","6","29"
"L5129","ClassName.java","C:/Users/Sarkar/Desktop/sm/hadoop-release-2.3.0/hadoop-tools/hadoop-rumen/src/main/java/org/apache/hadoop/tools/rumen/datatypes/ClassName.java","L5127","4","0","1","2","30","57"
"L5130","DataType.java","C:/Users/Sarkar/Desktop/sm/hadoop-release-2.3.0/hadoop-tools/hadoop-rumen/src/main/java/org/apache/hadoop/tools/rumen/datatypes/DataType.java","L5127","1","0","1","1","4","26"
"L5131","DefaultAnonymizableDataType.java","C:/Users/Sarkar/Desktop/sm/hadoop-release-2.3.0/hadoop-tools/hadoop-rumen/src/main/java/org/apache/hadoop/tools/rumen/datatypes/DefaultAnonymizableDataType.java","L5127","5","0","1","1","38","67"
"L5132","DefaultDataType.java","C:/Users/Sarkar/Desktop/sm/hadoop-release-2.3.0/hadoop-tools/hadoop-rumen/src/main/java/org/apache/hadoop/tools/rumen/datatypes/DefaultDataType.java","L5127","1","0","2","1","11","37"
"L5133","FileName.java","C:/Users/Sarkar/Desktop/sm/hadoop-release-2.3.0/hadoop-tools/hadoop-rumen/src/main/java/org/apache/hadoop/tools/rumen/datatypes/FileName.java","L5127","19","0","2","10","148","213"
"L5134","JobName.java","C:/Users/Sarkar/Desktop/sm/hadoop-release-2.3.0/hadoop-tools/hadoop-rumen/src/main/java/org/apache/hadoop/tools/rumen/datatypes/JobName.java","L5127","1","0","1","2","16","41"
"L5135","JobProperties.java","C:/Users/Sarkar/Desktop/sm/hadoop-release-2.3.0/hadoop-tools/hadoop-rumen/src/main/java/org/apache/hadoop/tools/rumen/datatypes/JobProperties.java","L5127","7","0","1","4","58","93"
"L5136","NodeName.java","C:/Users/Sarkar/Desktop/sm/hadoop-release-2.3.0/hadoop-tools/hadoop-rumen/src/main/java/org/apache/hadoop/tools/rumen/datatypes/NodeName.java","L5127","20","0","2","13","129","177"
"L5137","QueueName.java","C:/Users/Sarkar/Desktop/sm/hadoop-release-2.3.0/hadoop-tools/hadoop-rumen/src/main/java/org/apache/hadoop/tools/rumen/datatypes/QueueName.java","L5127","1","0","1","2","16","41"
"L5138","UserName.java","C:/Users/Sarkar/Desktop/sm/hadoop-release-2.3.0/hadoop-tools/hadoop-rumen/src/main/java/org/apache/hadoop/tools/rumen/datatypes/UserName.java","L5127","1","0","1","2","16","40"
"L9113","BlockingSerializer.java","C:/Users/Sarkar/Desktop/sm/hadoop-release-2.3.0/hadoop-tools/hadoop-rumen/src/main/java/org/apache/hadoop/tools/rumen/serializers/BlockingSerializer.java","L9112","1","0","1","1","12","37"
"L9114","DefaultAnonymizingRumenSerializer.java","C:/Users/Sarkar/Desktop/sm/hadoop-release-2.3.0/hadoop-tools/hadoop-rumen/src/main/java/org/apache/hadoop/tools/rumen/serializers/DefaultAnonymizingRumenSerializer.java","L9112","2","0","1","2","30","57"
"L9115","DefaultRumenSerializer.java","C:/Users/Sarkar/Desktop/sm/hadoop-release-2.3.0/hadoop-tools/hadoop-rumen/src/main/java/org/apache/hadoop/tools/rumen/serializers/DefaultRumenSerializer.java","L9112","2","0","1","1","19","42"
"L9116","ObjectStringSerializer.java","C:/Users/Sarkar/Desktop/sm/hadoop-release-2.3.0/hadoop-tools/hadoop-rumen/src/main/java/org/apache/hadoop/tools/rumen/serializers/ObjectStringSerializer.java","L9112","1","0","1","1","12","35"
"L9152","State.java","C:/Users/Sarkar/Desktop/sm/hadoop-release-2.3.0/hadoop-tools/hadoop-rumen/src/main/java/org/apache/hadoop/tools/rumen/state/State.java","L9151","1","0","4","0","8","47"
"L9153","StateDeserializer.java","C:/Users/Sarkar/Desktop/sm/hadoop-release-2.3.0/hadoop-tools/hadoop-rumen/src/main/java/org/apache/hadoop/tools/rumen/state/StateDeserializer.java","L9151","2","0","1","2","31","59"
"L9154","StatePool.java","C:/Users/Sarkar/Desktop/sm/hadoop-release-2.3.0/hadoop-tools/hadoop-rumen/src/main/java/org/apache/hadoop/tools/rumen/state/StatePool.java","L9151","18","0","9","7","224","345"
"L5429","DefaultJobPropertiesParser.java","C:/Users/Sarkar/Desktop/sm/hadoop-release-2.3.0/hadoop-tools/hadoop-rumen/src/main/java/org/apache/hadoop/tools/rumen/datatypes/util/DefaultJobPropertiesParser.java","L5428","1","0","1","1","9","31"
"L5430","JobPropertyParser.java","C:/Users/Sarkar/Desktop/sm/hadoop-release-2.3.0/hadoop-tools/hadoop-rumen/src/main/java/org/apache/hadoop/tools/rumen/datatypes/util/JobPropertyParser.java","L5428","1","0","2","0","6","35"
"L5431","MapReduceJobPropertiesParser.java","C:/Users/Sarkar/Desktop/sm/hadoop-release-2.3.0/hadoop-tools/hadoop-rumen/src/main/java/org/apache/hadoop/tools/rumen/datatypes/util/MapReduceJobPropertiesParser.java","L5428","31","0","3","1","122","228"
"L4646","ConcatenatedInputFilesDemuxer.java","C:/Users/Sarkar/Desktop/sm/hadoop-release-2.3.0/hadoop-tools/hadoop-rumen/src/test/java/org/apache/hadoop/tools/rumen/ConcatenatedInputFilesDemuxer.java","L4645","39","0","0","4","212","339"
"L4647","HistogramRawTestData.java","C:/Users/Sarkar/Desktop/sm/hadoop-release-2.3.0/hadoop-tools/hadoop-rumen/src/test/java/org/apache/hadoop/tools/rumen/HistogramRawTestData.java","L4645","1","0","0","0","26","55"
"L4648","TestHistograms.java","C:/Users/Sarkar/Desktop/sm/hadoop-release-2.3.0/hadoop-tools/hadoop-rumen/src/test/java/org/apache/hadoop/tools/rumen/TestHistograms.java","L4645","8","0","1","2","105","157"
"L4649","TestPiecewiseLinearInterpolation.java","C:/Users/Sarkar/Desktop/sm/hadoop-release-2.3.0/hadoop-tools/hadoop-rumen/src/test/java/org/apache/hadoop/tools/rumen/TestPiecewiseLinearInterpolation.java","L4645","7","0","0","2","72","124"
"L4650","TestRandomSeedGenerator.java","C:/Users/Sarkar/Desktop/sm/hadoop-release-2.3.0/hadoop-tools/hadoop-rumen/src/test/java/org/apache/hadoop/tools/rumen/TestRandomSeedGenerator.java","L4645","1","0","0","2","19","41"
"L10088","ArrayListBackedIterator.java","C:/Users/Sarkar/Desktop/sm/hadoop-release-2.3.0/hadoop-tools/hadoop-datajoin/src/main/java/org/apache/hadoop/contrib/utils/join/ArrayListBackedIterator.java","L10087","1","0","1","8","33","71"
"L10089","DataJoinJob.java","C:/Users/Sarkar/Desktop/sm/hadoop-release-2.3.0/hadoop-tools/hadoop-datajoin/src/main/java/org/apache/hadoop/contrib/utils/join/DataJoinJob.java","L10087","14","0","3","2","126","175"
"L10090","DataJoinMapperBase.java","C:/Users/Sarkar/Desktop/sm/hadoop-release-2.3.0/hadoop-tools/hadoop-datajoin/src/main/java/org/apache/hadoop/contrib/utils/join/DataJoinMapperBase.java","L10087","5","0","1","4","50","123"
"L10091","DataJoinReducerBase.java","C:/Users/Sarkar/Desktop/sm/hadoop-release-2.3.0/hadoop-tools/hadoop-datajoin/src/main/java/org/apache/hadoop/contrib/utils/join/DataJoinReducerBase.java","L10087","14","0","1","4","119","238"
"L10092","JobBase.java","C:/Users/Sarkar/Desktop/sm/hadoop-release-2.3.0/hadoop-tools/hadoop-datajoin/src/main/java/org/apache/hadoop/contrib/utils/join/JobBase.java","L10087","5","0","2","0","72","174"
"L10093","ResetableIterator.java","C:/Users/Sarkar/Desktop/sm/hadoop-release-2.3.0/hadoop-tools/hadoop-datajoin/src/main/java/org/apache/hadoop/contrib/utils/join/ResetableIterator.java","L10087","1","0","1","3","8","36"
"L10094","TaggedMapOutput.java","C:/Users/Sarkar/Desktop/sm/hadoop-release-2.3.0/hadoop-tools/hadoop-datajoin/src/main/java/org/apache/hadoop/contrib/utils/join/TaggedMapOutput.java","L10087","1","0","1","5","21","57"
"L10103","SampleDataJoinMapper.java","C:/Users/Sarkar/Desktop/sm/hadoop-release-2.3.0/hadoop-tools/hadoop-datajoin/src/test/java/org/apache/hadoop/contrib/utils/join/SampleDataJoinMapper.java","L10102","1","0","1","0","22","55"
"L10104","SampleDataJoinReducer.java","C:/Users/Sarkar/Desktop/sm/hadoop-release-2.3.0/hadoop-tools/hadoop-datajoin/src/test/java/org/apache/hadoop/contrib/utils/join/SampleDataJoinReducer.java","L10102","4","0","1","0","21","59"
"L10105","SampleTaggedMapOutput.java","C:/Users/Sarkar/Desktop/sm/hadoop-release-2.3.0/hadoop-tools/hadoop-datajoin/src/test/java/org/apache/hadoop/contrib/utils/join/SampleTaggedMapOutput.java","L10102","1","0","1","5","27","61"
"L10106","TestDataJoin.java","C:/Users/Sarkar/Desktop/sm/hadoop-release-2.3.0/hadoop-tools/hadoop-datajoin/src/test/java/org/apache/hadoop/contrib/utils/join/TestDataJoin.java","L10102","14","0","0","3","126","156"
"L10500","AvgRecordFactory.java","C:/Users/Sarkar/Desktop/sm/hadoop-release-2.3.0/hadoop-tools/hadoop-gridmix/src/main/java/org/apache/hadoop/mapred/gridmix/AvgRecordFactory.java","L10499","10","0","0","0","75","124"
"L10501","ClusterSummarizer.java","C:/Users/Sarkar/Desktop/sm/hadoop-release-2.3.0/hadoop-tools/hadoop-gridmix/src/main/java/org/apache/hadoop/mapred/gridmix/ClusterSummarizer.java","L10499","2","0","0","0","70","117"
"L10502","CompressionEmulationUtil.java","C:/Users/Sarkar/Desktop/sm/hadoop-release-2.3.0/hadoop-tools/hadoop-gridmix/src/main/java/org/apache/hadoop/mapred/gridmix/CompressionEmulationUtil.java","L10499","23","0","0","0","358","596"
"L10503","DistributedCacheEmulator.java","C:/Users/Sarkar/Desktop/sm/hadoop-release-2.3.0/hadoop-tools/hadoop-gridmix/src/main/java/org/apache/hadoop/mapred/gridmix/DistributedCacheEmulator.java","L10499","33","0","0","0","268","547"
"L10504","EchoUserResolver.java","C:/Users/Sarkar/Desktop/sm/hadoop-release-2.3.0/hadoop-tools/hadoop-gridmix/src/main/java/org/apache/hadoop/mapred/gridmix/EchoUserResolver.java","L10499","1","0","2","3","24","58"
"L10505","ExecutionSummarizer.java","C:/Users/Sarkar/Desktop/sm/hadoop-release-2.3.0/hadoop-tools/hadoop-gridmix/src/main/java/org/apache/hadoop/mapred/gridmix/ExecutionSummarizer.java","L10499","8","0","0","0","230","320"
"L10506","FilePool.java","C:/Users/Sarkar/Desktop/sm/hadoop-release-2.3.0/hadoop-tools/hadoop-gridmix/src/main/java/org/apache/hadoop/mapred/gridmix/FilePool.java","L10499","21","0","0","0","201","302"
"L10507","FileQueue.java","C:/Users/Sarkar/Desktop/sm/hadoop-release-2.3.0/hadoop-tools/hadoop-gridmix/src/main/java/org/apache/hadoop/mapred/gridmix/FileQueue.java","L10499","6","0","0","0","67","104"
"L10508","GenerateData.java","C:/Users/Sarkar/Desktop/sm/hadoop-release-2.3.0/hadoop-tools/hadoop-gridmix/src/main/java/org/apache/hadoop/mapred/gridmix/GenerateData.java","L10499","17","0","0","0","326","413"
"L10509","GenerateDistCacheData.java","C:/Users/Sarkar/Desktop/sm/hadoop-release-2.3.0/hadoop-tools/hadoop-gridmix/src/main/java/org/apache/hadoop/mapred/gridmix/GenerateDistCacheData.java","L10499","11","0","0","0","169","263"
"L10510","Gridmix.java","C:/Users/Sarkar/Desktop/sm/hadoop-release-2.3.0/hadoop-tools/hadoop-gridmix/src/main/java/org/apache/hadoop/mapred/gridmix/Gridmix.java","L10499","48","0","1","4","503","816"
"L10511","GridmixJob.java","C:/Users/Sarkar/Desktop/sm/hadoop-release-2.3.0/hadoop-tools/hadoop-gridmix/src/main/java/org/apache/hadoop/mapred/gridmix/GridmixJob.java","L10499","35","0","0","0","390","527"
"L10512","GridmixJobSubmissionPolicy.java","C:/Users/Sarkar/Desktop/sm/hadoop-release-2.3.0/hadoop-tools/hadoop-gridmix/src/main/java/org/apache/hadoop/mapred/gridmix/GridmixJobSubmissionPolicy.java","L10499","1","0","0","0","60","90"
"L10513","GridmixKey.java","C:/Users/Sarkar/Desktop/sm/hadoop-release-2.3.0/hadoop-tools/hadoop-gridmix/src/main/java/org/apache/hadoop/mapred/gridmix/GridmixKey.java","L10499","20","0","0","0","236","302"
"L10514","GridmixRecord.java","C:/Users/Sarkar/Desktop/sm/hadoop-release-2.3.0/hadoop-tools/hadoop-gridmix/src/main/java/org/apache/hadoop/mapred/gridmix/GridmixRecord.java","L10499","21","0","0","0","205","272"
"L10515","GridmixSplit.java","C:/Users/Sarkar/Desktop/sm/hadoop-release-2.3.0/hadoop-tools/hadoop-gridmix/src/main/java/org/apache/hadoop/mapred/gridmix/GridmixSplit.java","L10499","11","0","0","0","124","149"
"L10516","InputStriper.java","C:/Users/Sarkar/Desktop/sm/hadoop-release-2.3.0/hadoop-tools/hadoop-gridmix/src/main/java/org/apache/hadoop/mapred/gridmix/InputStriper.java","L10499","16","0","0","0","95","140"
"L10517","IntermediateRecordFactory.java","C:/Users/Sarkar/Desktop/sm/hadoop-release-2.3.0/hadoop-tools/hadoop-gridmix/src/main/java/org/apache/hadoop/mapred/gridmix/IntermediateRecordFactory.java","L10499","4","0","0","0","63","111"
"L10518","JobCreator.java","C:/Users/Sarkar/Desktop/sm/hadoop-release-2.3.0/hadoop-tools/hadoop-gridmix/src/main/java/org/apache/hadoop/mapred/gridmix/JobCreator.java","L10499","5","0","1","2","80","136"
"L10519","JobFactory.java","C:/Users/Sarkar/Desktop/sm/hadoop-release-2.3.0/hadoop-tools/hadoop-gridmix/src/main/java/org/apache/hadoop/mapred/gridmix/JobFactory.java","L10499","14","0","0","0","181","277"
"L10520","JobMonitor.java","C:/Users/Sarkar/Desktop/sm/hadoop-release-2.3.0/hadoop-tools/hadoop-gridmix/src/main/java/org/apache/hadoop/mapred/gridmix/JobMonitor.java","L10499","19","0","0","0","170","295"
"L10521","JobSubmitter.java","C:/Users/Sarkar/Desktop/sm/hadoop-release-2.3.0/hadoop-tools/hadoop-gridmix/src/main/java/org/apache/hadoop/mapred/gridmix/JobSubmitter.java","L10499","13","0","0","0","136","226"
"L10522","LoadJob.java","C:/Users/Sarkar/Desktop/sm/hadoop-release-2.3.0/hadoop-tools/hadoop-gridmix/src/main/java/org/apache/hadoop/mapred/gridmix/LoadJob.java","L10499","54","0","0","0","524","664"
"L10523","LoadSplit.java","C:/Users/Sarkar/Desktop/sm/hadoop-release-2.3.0/hadoop-tools/hadoop-gridmix/src/main/java/org/apache/hadoop/mapred/gridmix/LoadSplit.java","L10499","14","0","0","0","151","181"
"L10524","Progressive.java","C:/Users/Sarkar/Desktop/sm/hadoop-release-2.3.0/hadoop-tools/hadoop-gridmix/src/main/java/org/apache/hadoop/mapred/gridmix/Progressive.java","L10499","1","0","1","1","4","25"
"L10525","PseudoLocalFs.java","C:/Users/Sarkar/Desktop/sm/hadoop-release-2.3.0/hadoop-tools/hadoop-gridmix/src/main/java/org/apache/hadoop/mapred/gridmix/PseudoLocalFs.java","L10499","13","0","0","0","222","333"
"L10526","RandomAlgorithms.java","C:/Users/Sarkar/Desktop/sm/hadoop-release-2.3.0/hadoop-tools/hadoop-gridmix/src/main/java/org/apache/hadoop/mapred/gridmix/RandomAlgorithms.java","L10499","17","0","7","0","127","210"
"L10527","RandomTextDataGenerator.java","C:/Users/Sarkar/Desktop/sm/hadoop-release-2.3.0/hadoop-tools/hadoop-gridmix/src/main/java/org/apache/hadoop/mapred/gridmix/RandomTextDataGenerator.java","L10499","4","0","0","0","60","148"
"L10528","ReadRecordFactory.java","C:/Users/Sarkar/Desktop/sm/hadoop-release-2.3.0/hadoop-tools/hadoop-gridmix/src/main/java/org/apache/hadoop/mapred/gridmix/ReadRecordFactory.java","L10499","4","0","0","0","41","86"
"L10529","RecordFactory.java","C:/Users/Sarkar/Desktop/sm/hadoop-release-2.3.0/hadoop-tools/hadoop-gridmix/src/main/java/org/apache/hadoop/mapred/gridmix/RecordFactory.java","L10499","1","0","0","0","8","41"
"L10530","ReplayJobFactory.java","C:/Users/Sarkar/Desktop/sm/hadoop-release-2.3.0/hadoop-tools/hadoop-gridmix/src/main/java/org/apache/hadoop/mapred/gridmix/ReplayJobFactory.java","L10499","8","0","0","0","79","128"
"L10531","RoundRobinUserResolver.java","C:/Users/Sarkar/Desktop/sm/hadoop-release-2.3.0/hadoop-tools/hadoop-gridmix/src/main/java/org/apache/hadoop/mapred/gridmix/RoundRobinUserResolver.java","L10499","11","0","1","3","94","141"
"L10532","SerialJobFactory.java","C:/Users/Sarkar/Desktop/sm/hadoop-release-2.3.0/hadoop-tools/hadoop-gridmix/src/main/java/org/apache/hadoop/mapred/gridmix/SerialJobFactory.java","L10499","11","0","3","2","114","183"
"L10533","SleepJob.java","C:/Users/Sarkar/Desktop/sm/hadoop-release-2.3.0/hadoop-tools/hadoop-gridmix/src/main/java/org/apache/hadoop/mapred/gridmix/SleepJob.java","L10499","29","0","0","20","340","412"
"L10534","Statistics.java","C:/Users/Sarkar/Desktop/sm/hadoop-release-2.3.0/hadoop-tools/hadoop-gridmix/src/main/java/org/apache/hadoop/mapred/gridmix/Statistics.java","L10499","18","0","7","4","248","390"
"L10535","StatListener.java","C:/Users/Sarkar/Desktop/sm/hadoop-release-2.3.0/hadoop-tools/hadoop-gridmix/src/main/java/org/apache/hadoop/mapred/gridmix/StatListener.java","L10499","1","0","0","0","4","33"
"L10536","StressJobFactory.java","C:/Users/Sarkar/Desktop/sm/hadoop-release-2.3.0/hadoop-tools/hadoop-gridmix/src/main/java/org/apache/hadoop/mapred/gridmix/StressJobFactory.java","L10499","44","0","3","2","376","611"
"L10537","SubmitterUserResolver.java","C:/Users/Sarkar/Desktop/sm/hadoop-release-2.3.0/hadoop-tools/hadoop-gridmix/src/main/java/org/apache/hadoop/mapred/gridmix/SubmitterUserResolver.java","L10499","1","0","2","3","26","60"
"L10538","Summarizer.java","C:/Users/Sarkar/Desktop/sm/hadoop-release-2.3.0/hadoop-tools/hadoop-gridmix/src/main/java/org/apache/hadoop/mapred/gridmix/Summarizer.java","L10499","1","0","0","0","39","75"
"L10539","UserResolver.java","C:/Users/Sarkar/Desktop/sm/hadoop-release-2.3.0/hadoop-tools/hadoop-gridmix/src/main/java/org/apache/hadoop/mapred/gridmix/UserResolver.java","L10499","1","0","4","0","15","66"
"L11002","CumulativeCpuUsageEmulatorPlugin.java","C:/Users/Sarkar/Desktop/sm/hadoop-release-2.3.0/hadoop-tools/hadoop-gridmix/src/main/java/org/apache/hadoop/mapred/gridmix/emulators/resourceusage/CumulativeCpuUsageEmulatorPlugin.java","L11001","12","0","9","4","138","326"
"L11003","ResourceUsageEmulatorPlugin.java","C:/Users/Sarkar/Desktop/sm/hadoop-release-2.3.0/hadoop-tools/hadoop-gridmix/src/main/java/org/apache/hadoop/mapred/gridmix/emulators/resourceusage/ResourceUsageEmulatorPlugin.java","L11001","1","0","3","0","12","64"
"L11004","ResourceUsageMatcher.java","C:/Users/Sarkar/Desktop/sm/hadoop-release-2.3.0/hadoop-tools/hadoop-gridmix/src/main/java/org/apache/hadoop/mapred/gridmix/emulators/resourceusage/ResourceUsageMatcher.java","L11001","9","0","3","1","58","111"
"L11005","TotalHeapUsageEmulatorPlugin.java","C:/Users/Sarkar/Desktop/sm/hadoop-release-2.3.0/hadoop-tools/hadoop-gridmix/src/main/java/org/apache/hadoop/mapred/gridmix/emulators/resourceusage/TotalHeapUsageEmulatorPlugin.java","L11001","12","0","10","4","128","267"
"L10547","CommonJobTest.java","C:/Users/Sarkar/Desktop/sm/hadoop-release-2.3.0/hadoop-tools/hadoop-gridmix/src/test/java/org/apache/hadoop/mapred/gridmix/CommonJobTest.java","L10546","17","0","0","1","302","386"
"L10548","DebugJobFactory.java","C:/Users/Sarkar/Desktop/sm/hadoop-release-2.3.0/hadoop-tools/hadoop-gridmix/src/test/java/org/apache/hadoop/mapred/gridmix/DebugJobFactory.java","L10546","4","0","1","1","71","107"
"L10549","DebugJobProducer.java","C:/Users/Sarkar/Desktop/sm/hadoop-release-2.3.0/hadoop-tools/hadoop-gridmix/src/test/java/org/apache/hadoop/mapred/gridmix/DebugJobProducer.java","L10546","14","0","0","4","246","313"
"L10550","DummyResourceCalculatorPlugin.java","C:/Users/Sarkar/Desktop/sm/hadoop-release-2.3.0/hadoop-tools/hadoop-gridmix/src/test/java/org/apache/hadoop/mapred/gridmix/DummyResourceCalculatorPlugin.java","L10546","1","0","9","0","55","109"
"L10551","GridmixTestUtils.java","C:/Users/Sarkar/Desktop/sm/hadoop-release-2.3.0/hadoop-tools/hadoop-gridmix/src/test/java/org/apache/hadoop/mapred/gridmix/GridmixTestUtils.java","L10546","7","0","2","2","80","117"
"L10552","TestCompressionEmulationUtils.java","C:/Users/Sarkar/Desktop/sm/hadoop-release-2.3.0/hadoop-tools/hadoop-gridmix/src/test/java/org/apache/hadoop/mapred/gridmix/TestCompressionEmulationUtils.java","L10546","14","0","13","0","379","587"
"L10553","TestDistCacheEmulation.java","C:/Users/Sarkar/Desktop/sm/hadoop-release-2.3.0/hadoop-tools/hadoop-gridmix/src/test/java/org/apache/hadoop/mapred/gridmix/TestDistCacheEmulation.java","L10546","10","0","5","2","250","431"
"L10554","TestFilePool.java","C:/Users/Sarkar/Desktop/sm/hadoop-release-2.3.0/hadoop-tools/hadoop-gridmix/src/test/java/org/apache/hadoop/mapred/gridmix/TestFilePool.java","L10546","10","0","0","6","149","190"
"L10555","TestFileQueue.java","C:/Users/Sarkar/Desktop/sm/hadoop-release-2.3.0/hadoop-tools/hadoop-gridmix/src/test/java/org/apache/hadoop/mapred/gridmix/TestFileQueue.java","L10546","5","0","0","6","109","144"
"L10556","TestGridMixClasses.java","C:/Users/Sarkar/Desktop/sm/hadoop-release-2.3.0/hadoop-tools/hadoop-gridmix/src/test/java/org/apache/hadoop/mapred/gridmix/TestGridMixClasses.java","L10546","11","0","12","1","710","990"
"L10557","TestGridmixMemoryEmulation.java","C:/Users/Sarkar/Desktop/sm/hadoop-release-2.3.0/hadoop-tools/hadoop-gridmix/src/test/java/org/apache/hadoop/mapred/gridmix/TestGridmixMemoryEmulation.java","L10546","9","0","5","0","278","458"
"L10558","TestGridmixRecord.java","C:/Users/Sarkar/Desktop/sm/hadoop-release-2.3.0/hadoop-tools/hadoop-gridmix/src/test/java/org/apache/hadoop/mapred/gridmix/TestGridmixRecord.java","L10546","12","0","0","5","226","279"
"L10559","TestGridmixStatistics.java","C:/Users/Sarkar/Desktop/sm/hadoop-release-2.3.0/hadoop-tools/hadoop-gridmix/src/test/java/org/apache/hadoop/mapred/gridmix/TestGridmixStatistics.java","L10546","3","0","3","0","152","218"
"L10560","TestGridmixSubmission.java","C:/Users/Sarkar/Desktop/sm/hadoop-release-2.3.0/hadoop-tools/hadoop-gridmix/src/test/java/org/apache/hadoop/mapred/gridmix/TestGridmixSubmission.java","L10546","4","0","2","5","133","203"
"L10561","TestGridmixSummary.java","C:/Users/Sarkar/Desktop/sm/hadoop-release-2.3.0/hadoop-tools/hadoop-gridmix/src/test/java/org/apache/hadoop/mapred/gridmix/TestGridmixSummary.java","L10546","5","0","4","0","269","392"
"L10562","TestHighRamJob.java","C:/Users/Sarkar/Desktop/sm/hadoop-release-2.3.0/hadoop-tools/hadoop-gridmix/src/test/java/org/apache/hadoop/mapred/gridmix/TestHighRamJob.java","L10546","5","0","2","0","125","195"
"L10563","TestLoadJob.java","C:/Users/Sarkar/Desktop/sm/hadoop-release-2.3.0/hadoop-tools/hadoop-gridmix/src/test/java/org/apache/hadoop/mapred/gridmix/TestLoadJob.java","L10546","1","0","3","2","40","82"
"L10564","TestPseudoLocalFs.java","C:/Users/Sarkar/Desktop/sm/hadoop-release-2.3.0/hadoop-tools/hadoop-gridmix/src/test/java/org/apache/hadoop/mapred/gridmix/TestPseudoLocalFs.java","L10546","10","0","3","0","136","234"
"L10565","TestRandomAlgorithm.java","C:/Users/Sarkar/Desktop/sm/hadoop-release-2.3.0/hadoop-tools/hadoop-gridmix/src/test/java/org/apache/hadoop/mapred/gridmix/TestRandomAlgorithm.java","L10546","14","0","0","3","104","135"
"L10566","TestRandomTextDataGenerator.java","C:/Users/Sarkar/Desktop/sm/hadoop-release-2.3.0/hadoop-tools/hadoop-gridmix/src/test/java/org/apache/hadoop/mapred/gridmix/TestRandomTextDataGenerator.java","L10546","2","0","4","0","36","85"
"L10567","TestRecordFactory.java","C:/Users/Sarkar/Desktop/sm/hadoop-release-2.3.0/hadoop-tools/hadoop-gridmix/src/test/java/org/apache/hadoop/mapred/gridmix/TestRecordFactory.java","L10546","4","0","0","5","54","82"
"L10568","TestResourceUsageEmulators.java","C:/Users/Sarkar/Desktop/sm/hadoop-release-2.3.0/hadoop-tools/hadoop-gridmix/src/test/java/org/apache/hadoop/mapred/gridmix/TestResourceUsageEmulators.java","L10546","12","0","5","0","388","615"
"L10569","TestSleepJob.java","C:/Users/Sarkar/Desktop/sm/hadoop-release-2.3.0/hadoop-tools/hadoop-gridmix/src/test/java/org/apache/hadoop/mapred/gridmix/TestSleepJob.java","L10546","4","0","2","6","98","143"
"L10570","TestUserResolve.java","C:/Users/Sarkar/Desktop/sm/hadoop-release-2.3.0/hadoop-tools/hadoop-gridmix/src/test/java/org/apache/hadoop/mapred/gridmix/TestUserResolve.java","L10546","3","0","1","3","98","173"
"L15921","AcceptAllFilter.java","C:/Users/Sarkar/Desktop/sm/hadoop-release-2.3.0/hadoop-tools/hadoop-openstack/src/test/java/org/apache/hadoop/fs/swift/AcceptAllFilter.java","L15920","1","0","1","1","9","32"
"L15922","SwiftFileSystemBaseTest.java","C:/Users/Sarkar/Desktop/sm/hadoop-release-2.3.0/hadoop-tools/hadoop-openstack/src/test/java/org/apache/hadoop/fs/swift/SwiftFileSystemBaseTest.java","L15920","9","0","5","3","188","401"
"L15923","SwiftTestConstants.java","C:/Users/Sarkar/Desktop/sm/hadoop-release-2.3.0/hadoop-tools/hadoop-openstack/src/test/java/org/apache/hadoop/fs/swift/SwiftTestConstants.java","L15920","1","0","1","0","5","35"
"L15924","TestFSMainOperationsSwift.java","C:/Users/Sarkar/Desktop/sm/hadoop-release-2.3.0/hadoop-tools/hadoop-openstack/src/test/java/org/apache/hadoop/fs/swift/TestFSMainOperationsSwift.java","L15920","2","0","0","51","292","367"
"L15925","TestLogResources.java","C:/Users/Sarkar/Desktop/sm/hadoop-release-2.3.0/hadoop-tools/hadoop-openstack/src/test/java/org/apache/hadoop/fs/swift/TestLogResources.java","L15920","2","0","1","3","34","64"
"L15926","TestReadPastBuffer.java","C:/Users/Sarkar/Desktop/sm/hadoop-release-2.3.0/hadoop-tools/hadoop-openstack/src/test/java/org/apache/hadoop/fs/swift/TestReadPastBuffer.java","L15920","2","0","6","1","76","164"
"L15927","TestSeek.java","C:/Users/Sarkar/Desktop/sm/hadoop-release-2.3.0/hadoop-tools/hadoop-openstack/src/test/java/org/apache/hadoop/fs/swift/TestSeek.java","L15920","7","0","2","10","176","261"
"L15928","TestSwiftConfig.java","C:/Users/Sarkar/Desktop/sm/hadoop-release-2.3.0/hadoop-tools/hadoop-openstack/src/test/java/org/apache/hadoop/fs/swift/TestSwiftConfig.java","L15920","1","0","1","15","149","195"
"L15929","TestSwiftFileSystemBasicOps.java","C:/Users/Sarkar/Desktop/sm/hadoop-release-2.3.0/hadoop-tools/hadoop-openstack/src/test/java/org/apache/hadoop/fs/swift/TestSwiftFileSystemBasicOps.java","L15920","9","0","3","14","214","290"
"L15930","TestSwiftFileSystemBlockLocation.java","C:/Users/Sarkar/Desktop/sm/hadoop-release-2.3.0/hadoop-tools/hadoop-openstack/src/test/java/org/apache/hadoop/fs/swift/TestSwiftFileSystemBlockLocation.java","L15920","5","0","1","8","121","168"
"L15931","TestSwiftFileSystemBlocksize.java","C:/Users/Sarkar/Desktop/sm/hadoop-release-2.3.0/hadoop-tools/hadoop-openstack/src/test/java/org/apache/hadoop/fs/swift/TestSwiftFileSystemBlocksize.java","L15920","1","0","1","4","32","61"
"L15932","TestSwiftFileSystemConcurrency.java","C:/Users/Sarkar/Desktop/sm/hadoop-release-2.3.0/hadoop-tools/hadoop-openstack/src/test/java/org/apache/hadoop/fs/swift/TestSwiftFileSystemConcurrency.java","L15920","6","0","2","0","69","106"
"L15933","TestSwiftFileSystemContract.java","C:/Users/Sarkar/Desktop/sm/hadoop-release-2.3.0/hadoop-tools/hadoop-openstack/src/test/java/org/apache/hadoop/fs/swift/TestSwiftFileSystemContract.java","L15920","5","0","1","4","78","129"
"L15934","TestSwiftFileSystemDelete.java","C:/Users/Sarkar/Desktop/sm/hadoop-release-2.3.0/hadoop-tools/hadoop-openstack/src/test/java/org/apache/hadoop/fs/swift/TestSwiftFileSystemDelete.java","L15920","1","0","2","5","56","91"
"L15935","TestSwiftFileSystemDirectories.java","C:/Users/Sarkar/Desktop/sm/hadoop-release-2.3.0/hadoop-tools/hadoop-openstack/src/test/java/org/apache/hadoop/fs/swift/TestSwiftFileSystemDirectories.java","L15920","2","0","5","1","71","142"
"L15936","TestSwiftFileSystemExtendedContract.java","C:/Users/Sarkar/Desktop/sm/hadoop-release-2.3.0/hadoop-tools/hadoop-openstack/src/test/java/org/apache/hadoop/fs/swift/TestSwiftFileSystemExtendedContract.java","L15920","2","0","1","8","100","144"
"L15937","TestSwiftFileSystemLsOperations.java","C:/Users/Sarkar/Desktop/sm/hadoop-release-2.3.0/hadoop-tools/hadoop-openstack/src/test/java/org/apache/hadoop/fs/swift/TestSwiftFileSystemLsOperations.java","L15920","4","0","2","8","118","170"
"L15938","TestSwiftFileSystemPartitionedUploads.java","C:/Users/Sarkar/Desktop/sm/hadoop-release-2.3.0/hadoop-tools/hadoop-openstack/src/test/java/org/apache/hadoop/fs/swift/TestSwiftFileSystemPartitionedUploads.java","L15920","9","0","5","5","314","443"
"L15939","TestSwiftFileSystemRead.java","C:/Users/Sarkar/Desktop/sm/hadoop-release-2.3.0/hadoop-tools/hadoop-openstack/src/test/java/org/apache/hadoop/fs/swift/TestSwiftFileSystemRead.java","L15920","2","0","4","0","46","95"
"L15940","TestSwiftFileSystemRename.java","C:/Users/Sarkar/Desktop/sm/hadoop-release-2.3.0/hadoop-tools/hadoop-openstack/src/test/java/org/apache/hadoop/fs/swift/TestSwiftFileSystemRename.java","L15920","5","0","5","10","187","271"
"L15941","TestSwiftObjectPath.java","C:/Users/Sarkar/Desktop/sm/hadoop-release-2.3.0/hadoop-tools/hadoop-openstack/src/test/java/org/apache/hadoop/fs/swift/TestSwiftObjectPath.java","L15920","1","0","1","9","124","171"
"L16605","TestRestClientBindings.java","C:/Users/Sarkar/Desktop/sm/hadoop-release-2.3.0/hadoop-tools/hadoop-openstack/src/test/java/org/apache/hadoop/fs/swift/http/TestRestClientBindings.java","L16604","5","0","2","12","132","199"
"L16606","TestSwiftRestClient.java","C:/Users/Sarkar/Desktop/sm/hadoop-release-2.3.0/hadoop-tools/hadoop-openstack/src/test/java/org/apache/hadoop/fs/swift/http/TestSwiftRestClient.java","L16604","5","0","0","5","83","118"
"L18783","TestSwiftFileSystemDirectoriesHdfs2.java","C:/Users/Sarkar/Desktop/sm/hadoop-release-2.3.0/hadoop-tools/hadoop-openstack/src/test/java/org/apache/hadoop/fs/swift/hdfs2/TestSwiftFileSystemDirectoriesHdfs2.java","L18782","1","0","1","0","11","44"
"L18784","TestV2LsOperations.java","C:/Users/Sarkar/Desktop/sm/hadoop-release-2.3.0/hadoop-tools/hadoop-openstack/src/test/java/org/apache/hadoop/fs/swift/hdfs2/TestV2LsOperations.java","L18782","4","0","2","4","78","130"
"L18833","SwiftScaleTestBase.java","C:/Users/Sarkar/Desktop/sm/hadoop-release-2.3.0/hadoop-tools/hadoop-openstack/src/test/java/org/apache/hadoop/fs/swift/scale/SwiftScaleTestBase.java","L18832","1","0","1","0","10","38"
"L18834","TestWriteManySmallFiles.java","C:/Users/Sarkar/Desktop/sm/hadoop-release-2.3.0/hadoop-tools/hadoop-openstack/src/test/java/org/apache/hadoop/fs/swift/scale/TestWriteManySmallFiles.java","L18832","3","0","0","2","67","97"
"L15951","ApiKeyAuthenticationRequest.java","C:/Users/Sarkar/Desktop/sm/hadoop-release-2.3.0/hadoop-tools/hadoop-openstack/src/main/java/org/apache/hadoop/fs/swift/auth/ApiKeyAuthenticationRequest.java","L15950","1","0","4","1","22","67"
"L15952","ApiKeyCredentials.java","C:/Users/Sarkar/Desktop/sm/hadoop-release-2.3.0/hadoop-tools/hadoop-openstack/src/main/java/org/apache/hadoop/fs/swift/auth/ApiKeyCredentials.java","L15950","2","0","7","1","29","88"
"L15953","AuthenticationRequest.java","C:/Users/Sarkar/Desktop/sm/hadoop-release-2.3.0/hadoop-tools/hadoop-openstack/src/main/java/org/apache/hadoop/fs/swift/auth/AuthenticationRequest.java","L15950","1","0","3","2","18","58"
"L15954","AuthenticationRequestWrapper.java","C:/Users/Sarkar/Desktop/sm/hadoop-release-2.3.0/hadoop-tools/hadoop-openstack/src/main/java/org/apache/hadoop/fs/swift/auth/AuthenticationRequestWrapper.java","L15950","1","0","5","0","15","60"
"L15955","AuthenticationResponse.java","C:/Users/Sarkar/Desktop/sm/hadoop-release-2.3.0/hadoop-tools/hadoop-openstack/src/main/java/org/apache/hadoop/fs/swift/auth/AuthenticationResponse.java","L15950","1","0","1","8","35","70"
"L15956","AuthenticationWrapper.java","C:/Users/Sarkar/Desktop/sm/hadoop-release-2.3.0/hadoop-tools/hadoop-openstack/src/main/java/org/apache/hadoop/fs/swift/auth/AuthenticationWrapper.java","L15950","1","0","3","0","10","48"
"L15957","KeystoneApiKeyCredentials.java","C:/Users/Sarkar/Desktop/sm/hadoop-release-2.3.0/hadoop-tools/hadoop-openstack/src/main/java/org/apache/hadoop/fs/swift/auth/KeystoneApiKeyCredentials.java","L15950","2","0","1","6","27","67"
"L15958","KeyStoneAuthRequest.java","C:/Users/Sarkar/Desktop/sm/hadoop-release-2.3.0/hadoop-tools/hadoop-openstack/src/main/java/org/apache/hadoop/fs/swift/auth/KeyStoneAuthRequest.java","L15950","1","0","2","3","20","60"
"L15959","PasswordAuthenticationRequest.java","C:/Users/Sarkar/Desktop/sm/hadoop-release-2.3.0/hadoop-tools/hadoop-openstack/src/main/java/org/apache/hadoop/fs/swift/auth/PasswordAuthenticationRequest.java","L15950","1","0","4","1","20","63"
"L15960","PasswordCredentials.java","C:/Users/Sarkar/Desktop/sm/hadoop-release-2.3.0/hadoop-tools/hadoop-openstack/src/main/java/org/apache/hadoop/fs/swift/auth/PasswordCredentials.java","L15950","2","0","7","1","28","88"
"L15961","Roles.java","C:/Users/Sarkar/Desktop/sm/hadoop-release-2.3.0/hadoop-tools/hadoop-openstack/src/main/java/org/apache/hadoop/fs/swift/auth/Roles.java","L15950","1","0","3","8","38","98"
"L16427","SwiftAuthenticationFailedException.java","C:/Users/Sarkar/Desktop/sm/hadoop-release-2.3.0/hadoop-tools/hadoop-openstack/src/main/java/org/apache/hadoop/fs/swift/exceptions/SwiftAuthenticationFailedException.java","L16426","1","0","1","3","21","49"
"L16428","SwiftBadRequestException.java","C:/Users/Sarkar/Desktop/sm/hadoop-release-2.3.0/hadoop-tools/hadoop-openstack/src/main/java/org/apache/hadoop/fs/swift/exceptions/SwiftBadRequestException.java","L16426","1","0","1","3","21","50"
"L16429","SwiftConfigurationException.java","C:/Users/Sarkar/Desktop/sm/hadoop-release-2.3.0/hadoop-tools/hadoop-openstack/src/main/java/org/apache/hadoop/fs/swift/exceptions/SwiftConfigurationException.java","L16426","1","0","1","2","9","34"
"L16430","SwiftConnectionClosedException.java","C:/Users/Sarkar/Desktop/sm/hadoop-release-2.3.0/hadoop-tools/hadoop-openstack/src/main/java/org/apache/hadoop/fs/swift/exceptions/SwiftConnectionClosedException.java","L16426","1","0","1","2","11","37"
"L16431","SwiftConnectionException.java","C:/Users/Sarkar/Desktop/sm/hadoop-release-2.3.0/hadoop-tools/hadoop-openstack/src/main/java/org/apache/hadoop/fs/swift/exceptions/SwiftConnectionException.java","L16426","1","0","1","3","11","36"
"L16432","SwiftException.java","C:/Users/Sarkar/Desktop/sm/hadoop-release-2.3.0/hadoop-tools/hadoop-openstack/src/main/java/org/apache/hadoop/fs/swift/exceptions/SwiftException.java","L16426","1","0","1","4","16","44"
"L16433","SwiftInternalStateException.java","C:/Users/Sarkar/Desktop/sm/hadoop-release-2.3.0/hadoop-tools/hadoop-openstack/src/main/java/org/apache/hadoop/fs/swift/exceptions/SwiftInternalStateException.java","L16426","1","0","1","3","12","39"
"L16434","SwiftInvalidResponseException.java","C:/Users/Sarkar/Desktop/sm/hadoop-release-2.3.0/hadoop-tools/hadoop-openstack/src/main/java/org/apache/hadoop/fs/swift/exceptions/SwiftInvalidResponseException.java","L16426","5","0","3","6","72","118"
"L16435","SwiftJsonMarshallingException.java","C:/Users/Sarkar/Desktop/sm/hadoop-release-2.3.0/hadoop-tools/hadoop-openstack/src/main/java/org/apache/hadoop/fs/swift/exceptions/SwiftJsonMarshallingException.java","L16426","1","0","1","2","9","34"
"L16436","SwiftNotDirectoryException.java","C:/Users/Sarkar/Desktop/sm/hadoop-release-2.3.0/hadoop-tools/hadoop-openstack/src/main/java/org/apache/hadoop/fs/swift/exceptions/SwiftNotDirectoryException.java","L16426","1","0","1","3","16","44"
"L16437","SwiftOperationFailedException.java","C:/Users/Sarkar/Desktop/sm/hadoop-release-2.3.0/hadoop-tools/hadoop-openstack/src/main/java/org/apache/hadoop/fs/swift/exceptions/SwiftOperationFailedException.java","L16426","1","0","1","2","9","36"
"L16438","SwiftPathExistsException.java","C:/Users/Sarkar/Desktop/sm/hadoop-release-2.3.0/hadoop-tools/hadoop-openstack/src/main/java/org/apache/hadoop/fs/swift/exceptions/SwiftPathExistsException.java","L16426","1","0","1","2","9","34"
"L16439","SwiftThrottledRequestException.java","C:/Users/Sarkar/Desktop/sm/hadoop-release-2.3.0/hadoop-tools/hadoop-openstack/src/main/java/org/apache/hadoop/fs/swift/exceptions/SwiftThrottledRequestException.java","L16426","1","0","1","1","12","38"
"L16440","SwiftUnsupportedFeatureException.java","C:/Users/Sarkar/Desktop/sm/hadoop-release-2.3.0/hadoop-tools/hadoop-openstack/src/main/java/org/apache/hadoop/fs/swift/exceptions/SwiftUnsupportedFeatureException.java","L16426","1","0","1","1","6","31"
"L16597","CopyMethod.java","C:/Users/Sarkar/Desktop/sm/hadoop-release-2.3.0/hadoop-tools/hadoop-openstack/src/main/java/org/apache/hadoop/fs/swift/http/CopyMethod.java","L16596","1","0","0","0","11","42"
"L16598","ExceptionDiags.java","C:/Users/Sarkar/Desktop/sm/hadoop-release-2.3.0/hadoop-tools/hadoop-openstack/src/main/java/org/apache/hadoop/fs/swift/http/ExceptionDiags.java","L16596","7","0","2","0","56","100"
"L16599","HttpBodyContent.java","C:/Users/Sarkar/Desktop/sm/hadoop-release-2.3.0/hadoop-tools/hadoop-openstack/src/main/java/org/apache/hadoop/fs/swift/http/HttpBodyContent.java","L16596","1","0","2","2","16","46"
"L16600","HttpInputStreamWithRelease.java","C:/Users/Sarkar/Desktop/sm/hadoop-release-2.3.0/hadoop-tools/hadoop-openstack/src/main/java/org/apache/hadoop/fs/swift/http/HttpInputStreamWithRelease.java","L16596","24","0","1","6","151","236"
"L16601","RestClientBindings.java","C:/Users/Sarkar/Desktop/sm/hadoop-release-2.3.0/hadoop-tools/hadoop-openstack/src/main/java/org/apache/hadoop/fs/swift/http/RestClientBindings.java","L16596","13","0","6","2","107","225"
"L16602","SwiftProtocolConstants.java","C:/Users/Sarkar/Desktop/sm/hadoop-release-2.3.0/hadoop-tools/hadoop-openstack/src/main/java/org/apache/hadoop/fs/swift/http/SwiftProtocolConstants.java","L16596","1","0","1","0","87","271"
"L16603","SwiftRestClient.java","C:/Users/Sarkar/Desktop/sm/hadoop-release-2.3.0/hadoop-tools/hadoop-openstack/src/main/java/org/apache/hadoop/fs/swift/http/SwiftRestClient.java","L16596","92","0","26","7","1105","1878"
"L17715","StrictBufferedFSInputStream.java","C:/Users/Sarkar/Desktop/sm/hadoop-release-2.3.0/hadoop-tools/hadoop-openstack/src/main/java/org/apache/hadoop/fs/swift/snative/StrictBufferedFSInputStream.java","L17714","3","0","1","2","21","48"
"L17716","SwiftFileStatus.java","C:/Users/Sarkar/Desktop/sm/hadoop-release-2.3.0/hadoop-tools/hadoop-openstack/src/main/java/org/apache/hadoop/fs/swift/snative/SwiftFileStatus.java","L17714","2","0","5","4","60","111"
"L17717","SwiftNativeFileSystem.java","C:/Users/Sarkar/Desktop/sm/hadoop-release-2.3.0/hadoop-tools/hadoop-openstack/src/main/java/org/apache/hadoop/fs/swift/snative/SwiftNativeFileSystem.java","L17714","38","0","27","5","370","715"
"L17718","SwiftNativeFileSystemStore.java","C:/Users/Sarkar/Desktop/sm/hadoop-release-2.3.0/hadoop-tools/hadoop-openstack/src/main/java/org/apache/hadoop/fs/swift/snative/SwiftNativeFileSystemStore.java","L17714","71","0","24","5","548","978"
"L17719","SwiftNativeInputStream.java","C:/Users/Sarkar/Desktop/sm/hadoop-release-2.3.0/hadoop-tools/hadoop-openstack/src/main/java/org/apache/hadoop/fs/swift/snative/SwiftNativeInputStream.java","L17714","28","0","0","0","219","380"
"L17720","SwiftNativeOutputStream.java","C:/Users/Sarkar/Desktop/sm/hadoop-release-2.3.0/hadoop-tools/hadoop-openstack/src/main/java/org/apache/hadoop/fs/swift/snative/SwiftNativeOutputStream.java","L17714","28","0","0","0","248","389"
"L17721","SwiftObjectFileStatus.java","C:/Users/Sarkar/Desktop/sm/hadoop-release-2.3.0/hadoop-tools/hadoop-openstack/src/main/java/org/apache/hadoop/fs/swift/snative/SwiftObjectFileStatus.java","L17714","3","0","0","0","65","116"
"L18415","Duration.java","C:/Users/Sarkar/Desktop/sm/hadoop-release-2.3.0/hadoop-tools/hadoop-openstack/src/main/java/org/apache/hadoop/fs/swift/util/Duration.java","L18414","1","0","0","7","30","58"
"L18416","DurationStats.java","C:/Users/Sarkar/Desktop/sm/hadoop-release-2.3.0/hadoop-tools/hadoop-openstack/src/main/java/org/apache/hadoop/fs/swift/util/DurationStats.java","L18414","5","0","12","0","75","155"
"L18417","DurationStatsTable.java","C:/Users/Sarkar/Desktop/sm/hadoop-release-2.3.0/hadoop-tools/hadoop-openstack/src/main/java/org/apache/hadoop/fs/swift/util/DurationStatsTable.java","L18414","5","0","4","0","38","78"
"L18418","JSONUtil.java","C:/Users/Sarkar/Desktop/sm/hadoop-release-2.3.0/hadoop-tools/hadoop-openstack/src/main/java/org/apache/hadoop/fs/swift/util/JSONUtil.java","L18414","9","0","4","2","72","133"
"L18419","SwiftObjectPath.java","C:/Users/Sarkar/Desktop/sm/hadoop-release-2.3.0/hadoop-tools/hadoop-openstack/src/main/java/org/apache/hadoop/fs/swift/util/SwiftObjectPath.java","L18414","10","0","6","6","83","188"
"L18420","SwiftTestUtils.java","C:/Users/Sarkar/Desktop/sm/hadoop-release-2.3.0/hadoop-tools/hadoop-openstack/src/main/java/org/apache/hadoop/fs/swift/util/SwiftTestUtils.java","L18414","23","0","22","10","308","545"
"L18421","SwiftUtils.java","C:/Users/Sarkar/Desktop/sm/hadoop-release-2.3.0/hadoop-tools/hadoop-openstack/src/main/java/org/apache/hadoop/fs/swift/util/SwiftUtils.java","L18414","17","0","12","0","98","217"
"L16084","AccessToken.java","C:/Users/Sarkar/Desktop/sm/hadoop-release-2.3.0/hadoop-tools/hadoop-openstack/src/main/java/org/apache/hadoop/fs/swift/auth/entities/AccessToken.java","L16083","1","0","7","1","34","108"
"L16085","Catalog.java","C:/Users/Sarkar/Desktop/sm/hadoop-release-2.3.0/hadoop-tools/hadoop-openstack/src/main/java/org/apache/hadoop/fs/swift/auth/entities/Catalog.java","L16083","1","0","9","0","34","108"
"L16086","Endpoint.java","C:/Users/Sarkar/Desktop/sm/hadoop-release-2.3.0/hadoop-tools/hadoop-openstack/src/main/java/org/apache/hadoop/fs/swift/auth/entities/Endpoint.java","L16083","1","0","11","10","76","195"
"L16087","Tenant.java","C:/Users/Sarkar/Desktop/sm/hadoop-release-2.3.0/hadoop-tools/hadoop-openstack/src/main/java/org/apache/hadoop/fs/swift/auth/entities/Tenant.java","L16083","1","0","9","0","33","108"
"L16088","User.java","C:/Users/Sarkar/Desktop/sm/hadoop-release-2.3.0/hadoop-tools/hadoop-openstack/src/main/java/org/apache/hadoop/fs/swift/auth/entities/User.java","L16083","1","0","11","0","42","133"
"L19462","RumenToSLSConverter.java","C:/Users/Sarkar/Desktop/sm/hadoop-release-2.3.0/hadoop-tools/hadoop-sls/src/main/java/org/apache/hadoop/yarn/sls/RumenToSLSConverter.java","L19461","20","0","0","2","198","235"
"L19463","SLSRunner.java","C:/Users/Sarkar/Desktop/sm/hadoop-release-2.3.0/hadoop-tools/hadoop-sls/src/main/java/org/apache/hadoop/yarn/sls/SLSRunner.java","L19461","41","0","0","7","424","527"
"L19474","AMSimulator.java","C:/Users/Sarkar/Desktop/sm/hadoop-release-2.3.0/hadoop-tools/hadoop-sls/src/main/java/org/apache/hadoop/yarn/sls/appmaster/AMSimulator.java","L19473","12","0","1","10","301","386"
"L19475","MRAMSimulator.java","C:/Users/Sarkar/Desktop/sm/hadoop-release-2.3.0/hadoop-tools/hadoop-sls/src/main/java/org/apache/hadoop/yarn/sls/appmaster/MRAMSimulator.java","L19473","35","0","0","4","305","406"
"L19784","SLSConfiguration.java","C:/Users/Sarkar/Desktop/sm/hadoop-release-2.3.0/hadoop-tools/hadoop-sls/src/main/java/org/apache/hadoop/yarn/sls/conf/SLSConfiguration.java","L19783","1","0","0","1","40","69"
"L19834","NMSimulator.java","C:/Users/Sarkar/Desktop/sm/hadoop-release-2.3.0/hadoop-tools/hadoop-sls/src/main/java/org/apache/hadoop/yarn/sls/nodemanager/NMSimulator.java","L19833","13","0","2","6","198","262"
"L19835","NodeInfo.java","C:/Users/Sarkar/Desktop/sm/hadoop-release-2.3.0/hadoop-tools/hadoop-sls/src/main/java/org/apache/hadoop/yarn/sls/nodemanager/NodeInfo.java","L19833","2","0","0","4","135","185"
"L20061","CapacitySchedulerMetrics.java","C:/Users/Sarkar/Desktop/sm/hadoop-release-2.3.0/hadoop-tools/hadoop-sls/src/main/java/org/apache/hadoop/yarn/sls/scheduler/CapacitySchedulerMetrics.java","L20060","1","0","0","3","10","32"
"L20062","ContainerSimulator.java","C:/Users/Sarkar/Desktop/sm/hadoop-release-2.3.0/hadoop-tools/hadoop-sls/src/main/java/org/apache/hadoop/yarn/sls/scheduler/ContainerSimulator.java","L20060","2","0","2","11","67","114"
"L20063","FairSchedulerMetrics.java","C:/Users/Sarkar/Desktop/sm/hadoop-release-2.3.0/hadoop-tools/hadoop-sls/src/main/java/org/apache/hadoop/yarn/sls/scheduler/FairSchedulerMetrics.java","L20060","5","0","0","5","238","267"
"L20064","FifoSchedulerMetrics.java","C:/Users/Sarkar/Desktop/sm/hadoop-release-2.3.0/hadoop-tools/hadoop-sls/src/main/java/org/apache/hadoop/yarn/sls/scheduler/FifoSchedulerMetrics.java","L20060","1","0","0","3","32","59"
"L20065","NodeUpdateSchedulerEventWrapper.java","C:/Users/Sarkar/Desktop/sm/hadoop-release-2.3.0/hadoop-tools/hadoop-sls/src/main/java/org/apache/hadoop/yarn/sls/scheduler/NodeUpdateSchedulerEventWrapper.java","L20060","1","0","0","2","8","31"
"L20066","ResourceSchedulerWrapper.java","C:/Users/Sarkar/Desktop/sm/hadoop-release-2.3.0/hadoop-tools/hadoop-sls/src/main/java/org/apache/hadoop/yarn/sls/scheduler/ResourceSchedulerWrapper.java","L20060","82","0","2","26","732","865"
"L20067","RMNodeWrapper.java","C:/Users/Sarkar/Desktop/sm/hadoop-release-2.3.0/hadoop-tools/hadoop-sls/src/main/java/org/apache/hadoop/yarn/sls/scheduler/RMNodeWrapper.java","L20060","2","0","0","22","113","158"
"L20068","SchedulerMetrics.java","C:/Users/Sarkar/Desktop/sm/hadoop-release-2.3.0/hadoop-tools/hadoop-sls/src/main/java/org/apache/hadoop/yarn/sls/scheduler/SchedulerMetrics.java","L20060","3","0","0","10","70","101"
"L20069","TaskRunner.java","C:/Users/Sarkar/Desktop/sm/hadoop-release-2.3.0/hadoop-tools/hadoop-sls/src/main/java/org/apache/hadoop/yarn/sls/scheduler/TaskRunner.java","L20060","13","0","2","16","137","184"
"L20835","SLSUtils.java","C:/Users/Sarkar/Desktop/sm/hadoop-release-2.3.0/hadoop-tools/hadoop-sls/src/main/java/org/apache/hadoop/yarn/sls/utils/SLSUtils.java","L20834","8","0","3","2","97","134"
"L20852","SLSWebApp.java","C:/Users/Sarkar/Desktop/sm/hadoop-release-2.3.0/hadoop-tools/hadoop-sls/src/main/java/org/apache/hadoop/yarn/sls/web/SLSWebApp.java","L20851","71","0","0","5","408","528"
"L19471","TestSLSRunner.java","C:/Users/Sarkar/Desktop/sm/hadoop-release-2.3.0/hadoop-tools/hadoop-sls/src/test/java/org/apache/hadoop/yarn/sls/TestSLSRunner.java","L19470","1","0","0","2","19","47"
"L20071","TestTaskRunner.java","C:/Users/Sarkar/Desktop/sm/hadoop-release-2.3.0/hadoop-tools/hadoop-sls/src/test/java/org/apache/hadoop/yarn/sls/scheduler/TestTaskRunner.java","L20070","10","0","0","33","193","248"
"L20837","TestSLSUtils.java","C:/Users/Sarkar/Desktop/sm/hadoop-release-2.3.0/hadoop-tools/hadoop-sls/src/test/java/org/apache/hadoop/yarn/sls/utils/TestSLSUtils.java","L20836","1","0","0","2","12","35"
"L20854","TestSLSWebApp.java","C:/Users/Sarkar/Desktop/sm/hadoop-release-2.3.0/hadoop-tools/hadoop-sls/src/test/java/org/apache/hadoop/yarn/sls/web/TestSLSWebApp.java","L20853","6","0","0","4","93","122"
"L24547","ClassWithNoPackage.java","C:/Users/Sarkar/Desktop/sm/hadoop-release-2.3.0/hadoop-tools/hadoop-streaming/src/test/java/ClassWithNoPackage.java","L21036","1","0","1","0","2","21"
"L21017","AutoInputFormat.java","C:/Users/Sarkar/Desktop/sm/hadoop-release-2.3.0/hadoop-tools/hadoop-streaming/src/main/java/org/apache/hadoop/streaming/AutoInputFormat.java","L21016","5","0","1","2","43","75"
"L21018","DumpTypedBytes.java","C:/Users/Sarkar/Desktop/sm/hadoop-release-2.3.0/hadoop-tools/hadoop-streaming/src/main/java/org/apache/hadoop/streaming/DumpTypedBytes.java","L21016","9","0","2","5","104","147"
"L21019","Environment.java","C:/Users/Sarkar/Desktop/sm/hadoop-release-2.3.0/hadoop-tools/hadoop-streaming/src/main/java/org/apache/hadoop/streaming/Environment.java","L21016","19","0","1","3","85","130"
"L21020","HadoopStreaming.java","C:/Users/Sarkar/Desktop/sm/hadoop-release-2.3.0/hadoop-tools/hadoop-streaming/src/main/java/org/apache/hadoop/streaming/HadoopStreaming.java","L21016","6","0","1","1","46","73"
"L21021","JarBuilder.java","C:/Users/Sarkar/Desktop/sm/hadoop-release-2.3.0/hadoop-tools/hadoop-streaming/src/main/java/org/apache/hadoop/streaming/JarBuilder.java","L21016","30","0","2","3","162","209"
"L21022","LoadTypedBytes.java","C:/Users/Sarkar/Desktop/sm/hadoop-release-2.3.0/hadoop-tools/hadoop-streaming/src/main/java/org/apache/hadoop/streaming/LoadTypedBytes.java","L21016","4","0","2","5","68","106"
"L21023","PathFinder.java","C:/Users/Sarkar/Desktop/sm/hadoop-release-2.3.0/hadoop-tools/hadoop-streaming/src/main/java/org/apache/hadoop/streaming/PathFinder.java","L21016","11","0","5","1","54","103"
"L21024","PipeCombiner.java","C:/Users/Sarkar/Desktop/sm/hadoop-release-2.3.0/hadoop-tools/hadoop-streaming/src/main/java/org/apache/hadoop/streaming/PipeCombiner.java","L21016","3","0","0","1","21","43"
"L21025","PipeMapper.java","C:/Users/Sarkar/Desktop/sm/hadoop-release-2.3.0/hadoop-tools/hadoop-streaming/src/main/java/org/apache/hadoop/streaming/PipeMapper.java","L21016","12","0","2","5","106","159"
"L21026","PipeMapRed.java","C:/Users/Sarkar/Desktop/sm/hadoop-release-2.3.0/hadoop-tools/hadoop-streaming/src/main/java/org/apache/hadoop/streaming/PipeMapRed.java","L21016","70","0","7","3","482","622"
"L21027","PipeMapRunner.java","C:/Users/Sarkar/Desktop/sm/hadoop-release-2.3.0/hadoop-tools/hadoop-streaming/src/main/java/org/apache/hadoop/streaming/PipeMapRunner.java","L21016","1","0","0","2","15","37"
"L21028","PipeReducer.java","C:/Users/Sarkar/Desktop/sm/hadoop-release-2.3.0/hadoop-tools/hadoop-streaming/src/main/java/org/apache/hadoop/streaming/PipeReducer.java","L21016","15","0","1","6","112","163"
"L21029","StreamBaseRecordReader.java","C:/Users/Sarkar/Desktop/sm/hadoop-release-2.3.0/hadoop-tools/hadoop-streaming/src/main/java/org/apache/hadoop/streaming/StreamBaseRecordReader.java","L21016","5","0","5","4","93","149"
"L21030","StreamInputFormat.java","C:/Users/Sarkar/Desktop/sm/hadoop-release-2.3.0/hadoop-tools/hadoop-streaming/src/main/java/org/apache/hadoop/streaming/StreamInputFormat.java","L21016","6","0","1","1","44","83"
"L21031","StreamJob.java","C:/Users/Sarkar/Desktop/sm/hadoop-release-2.3.0/hadoop-tools/hadoop-streaming/src/main/java/org/apache/hadoop/streaming/StreamJob.java","L21016","128","0","5","6","903","1099"
"L21032","StreamKeyValUtil.java","C:/Users/Sarkar/Desktop/sm/hadoop-release-2.3.0/hadoop-tools/hadoop-streaming/src/main/java/org/apache/hadoop/streaming/StreamKeyValUtil.java","L21016","5","0","7","1","47","138"
"L21033","StreamUtil.java","C:/Users/Sarkar/Desktop/sm/hadoop-release-2.3.0/hadoop-tools/hadoop-streaming/src/main/java/org/apache/hadoop/streaming/StreamUtil.java","L21016","17","0","3","3","149","200"
"L21034","StreamXmlRecordReader.java","C:/Users/Sarkar/Desktop/sm/hadoop-release-2.3.0/hadoop-tools/hadoop-streaming/src/main/java/org/apache/hadoop/streaming/StreamXmlRecordReader.java","L21016","43","0","1","4","228","302"
"L23665","Type.java","C:/Users/Sarkar/Desktop/sm/hadoop-release-2.3.0/hadoop-tools/hadoop-streaming/src/main/java/org/apache/hadoop/typedbytes/Type.java","L23664","1","0","1","0","20","50"
"L23666","TypedBytesInput.java","C:/Users/Sarkar/Desktop/sm/hadoop-release-2.3.0/hadoop-tools/hadoop-streaming/src/main/java/org/apache/hadoop/typedbytes/TypedBytesInput.java","L23664","41","0","32","0","286","505"
"L23667","TypedBytesOutput.java","C:/Users/Sarkar/Desktop/sm/hadoop-release-2.3.0/hadoop-tools/hadoop-streaming/src/main/java/org/apache/hadoop/typedbytes/TypedBytesOutput.java","L23664","15","0","24","0","142","333"
"L23668","TypedBytesRecordInput.java","C:/Users/Sarkar/Desktop/sm/hadoop-release-2.3.0/hadoop-tools/hadoop-streaming/src/main/java/org/apache/hadoop/typedbytes/TypedBytesRecordInput.java","L23664","1","0","5","14","90","160"
"L23669","TypedBytesRecordOutput.java","C:/Users/Sarkar/Desktop/sm/hadoop-release-2.3.0/hadoop-tools/hadoop-streaming/src/main/java/org/apache/hadoop/typedbytes/TypedBytesRecordOutput.java","L23664","1","0","5","14","72","138"
"L23670","TypedBytesWritable.java","C:/Users/Sarkar/Desktop/sm/hadoop-release-2.3.0/hadoop-tools/hadoop-streaming/src/main/java/org/apache/hadoop/typedbytes/TypedBytesWritable.java","L23664","7","0","7","0","51","89"
"L23671","TypedBytesWritableInput.java","C:/Users/Sarkar/Desktop/sm/hadoop-release-2.3.0/hadoop-tools/hadoop-streaming/src/main/java/org/apache/hadoop/typedbytes/TypedBytesWritableInput.java","L23664","45","0","5","32","295","381"
"L23672","TypedBytesWritableOutput.java","C:/Users/Sarkar/Desktop/sm/hadoop-release-2.3.0/hadoop-tools/hadoop-streaming/src/main/java/org/apache/hadoop/typedbytes/TypedBytesWritableOutput.java","L23664","19","0","5","17","152","223"
"L21195","IdentifierResolver.java","C:/Users/Sarkar/Desktop/sm/hadoop-release-2.3.0/hadoop-tools/hadoop-streaming/src/main/java/org/apache/hadoop/streaming/io/IdentifierResolver.java","L21194","4","0","6","0","64","133"
"L21196","InputWriter.java","C:/Users/Sarkar/Desktop/sm/hadoop-release-2.3.0/hadoop-tools/hadoop-streaming/src/main/java/org/apache/hadoop/streaming/io/InputWriter.java","L21194","1","0","4","0","9","48"
"L21197","KeyOnlyTextInputWriter.java","C:/Users/Sarkar/Desktop/sm/hadoop-release-2.3.0/hadoop-tools/hadoop-streaming/src/main/java/org/apache/hadoop/streaming/io/KeyOnlyTextInputWriter.java","L21194","1","0","0","3","11","36"
"L21198","KeyOnlyTextOutputReader.java","C:/Users/Sarkar/Desktop/sm/hadoop-release-2.3.0/hadoop-tools/hadoop-streaming/src/main/java/org/apache/hadoop/streaming/io/KeyOnlyTextOutputReader.java","L21194","4","0","1","5","57","91"
"L21199","OutputReader.java","C:/Users/Sarkar/Desktop/sm/hadoop-release-2.3.0/hadoop-tools/hadoop-streaming/src/main/java/org/apache/hadoop/streaming/io/OutputReader.java","L21194","1","0","6","0","11","60"
"L21200","RawBytesInputWriter.java","C:/Users/Sarkar/Desktop/sm/hadoop-release-2.3.0/hadoop-tools/hadoop-streaming/src/main/java/org/apache/hadoop/streaming/io/RawBytesInputWriter.java","L21194","2","0","1","3","43","74"
"L21201","RawBytesOutputReader.java","C:/Users/Sarkar/Desktop/sm/hadoop-release-2.3.0/hadoop-tools/hadoop-streaming/src/main/java/org/apache/hadoop/streaming/io/RawBytesOutputReader.java","L21194","4","0","1","5","59","93"
"L21202","TextInputWriter.java","C:/Users/Sarkar/Desktop/sm/hadoop-release-2.3.0/hadoop-tools/hadoop-streaming/src/main/java/org/apache/hadoop/streaming/io/TextInputWriter.java","L21194","3","0","1","3","44","76"
"L21203","TextOutputReader.java","C:/Users/Sarkar/Desktop/sm/hadoop-release-2.3.0/hadoop-tools/hadoop-streaming/src/main/java/org/apache/hadoop/streaming/io/TextOutputReader.java","L21194","8","0","1","5","85","120"
"L21204","TypedBytesInputWriter.java","C:/Users/Sarkar/Desktop/sm/hadoop-release-2.3.0/hadoop-tools/hadoop-streaming/src/main/java/org/apache/hadoop/streaming/io/TypedBytesInputWriter.java","L21194","2","0","1","3","33","64"
"L21205","TypedBytesOutputReader.java","C:/Users/Sarkar/Desktop/sm/hadoop-release-2.3.0/hadoop-tools/hadoop-streaming/src/main/java/org/apache/hadoop/streaming/io/TypedBytesOutputReader.java","L21194","3","0","1","5","49","81"
"L21041","DelayEchoApp.java","C:/Users/Sarkar/Desktop/sm/hadoop-release-2.3.0/hadoop-tools/hadoop-streaming/src/test/java/org/apache/hadoop/streaming/DelayEchoApp.java","L21040","4","0","1","3","25","58"
"L21042","FailApp.java","C:/Users/Sarkar/Desktop/sm/hadoop-release-2.3.0/hadoop-tools/hadoop-streaming/src/test/java/org/apache/hadoop/streaming/FailApp.java","L21040","5","0","1","3","25","59"
"L21043","OutputOnlyApp.java","C:/Users/Sarkar/Desktop/sm/hadoop-release-2.3.0/hadoop-tools/hadoop-streaming/src/test/java/org/apache/hadoop/streaming/OutputOnlyApp.java","L21040","3","0","1","1","14","39"
"L21044","RawBytesMapApp.java","C:/Users/Sarkar/Desktop/sm/hadoop-release-2.3.0/hadoop-tools/hadoop-streaming/src/test/java/org/apache/hadoop/streaming/RawBytesMapApp.java","L21040","3","0","0","4","39","66"
"L21045","RawBytesReduceApp.java","C:/Users/Sarkar/Desktop/sm/hadoop-release-2.3.0/hadoop-tools/hadoop-streaming/src/test/java/org/apache/hadoop/streaming/RawBytesReduceApp.java","L21040","5","0","0","4","48","75"
"L21046","StderrApp.java","C:/Users/Sarkar/Desktop/sm/hadoop-release-2.3.0/hadoop-tools/hadoop-streaming/src/test/java/org/apache/hadoop/streaming/StderrApp.java","L21040","8","0","2","2","42","79"
"L21047","StreamAggregate.java","C:/Users/Sarkar/Desktop/sm/hadoop-release-2.3.0/hadoop-tools/hadoop-streaming/src/test/java/org/apache/hadoop/streaming/StreamAggregate.java","L21040","3","0","1","3","28","58"
"L21048","TestAutoInputFormat.java","C:/Users/Sarkar/Desktop/sm/hadoop-release-2.3.0/hadoop-tools/hadoop-streaming/src/test/java/org/apache/hadoop/streaming/TestAutoInputFormat.java","L21040","6","0","0","2","80","114"
"L21049","TestClassWithNoPackage.java","C:/Users/Sarkar/Desktop/sm/hadoop-release-2.3.0/hadoop-tools/hadoop-streaming/src/test/java/org/apache/hadoop/streaming/TestClassWithNoPackage.java","L21040","1","0","1","2","27","57"
"L21050","TestDumpTypedBytes.java","C:/Users/Sarkar/Desktop/sm/hadoop-release-2.3.0/hadoop-tools/hadoop-streaming/src/test/java/org/apache/hadoop/streaming/TestDumpTypedBytes.java","L21040","4","0","0","2","66","94"
"L21051","TestFileArgs.java","C:/Users/Sarkar/Desktop/sm/hadoop-release-2.3.0/hadoop-tools/hadoop-streaming/src/test/java/org/apache/hadoop/streaming/TestFileArgs.java","L21040","4","0","1","3","78","118"
"L21052","TestGzipInput.java","C:/Users/Sarkar/Desktop/sm/hadoop-release-2.3.0/hadoop-tools/hadoop-streaming/src/test/java/org/apache/hadoop/streaming/TestGzipInput.java","L21040","1","0","1","1","18","44"
"L21053","TestLoadTypedBytes.java","C:/Users/Sarkar/Desktop/sm/hadoop-release-2.3.0/hadoop-tools/hadoop-streaming/src/test/java/org/apache/hadoop/streaming/TestLoadTypedBytes.java","L21040","4","0","0","2","62","91"
"L21054","TestMRFramework.java","C:/Users/Sarkar/Desktop/sm/hadoop-release-2.3.0/hadoop-tools/hadoop-streaming/src/test/java/org/apache/hadoop/streaming/TestMRFramework.java","L21040","1","0","0","2","24","49"
"L21055","TestMultipleArchiveFiles.java","C:/Users/Sarkar/Desktop/sm/hadoop-release-2.3.0/hadoop-tools/hadoop-streaming/src/test/java/org/apache/hadoop/streaming/TestMultipleArchiveFiles.java","L21040","3","0","1","1","102","140"
"L21056","TestMultipleCachefiles.java","C:/Users/Sarkar/Desktop/sm/hadoop-release-2.3.0/hadoop-tools/hadoop-streaming/src/test/java/org/apache/hadoop/streaming/TestMultipleCachefiles.java","L21040","6","0","1","3","119","158"
"L21057","TestRawBytesStreaming.java","C:/Users/Sarkar/Desktop/sm/hadoop-release-2.3.0/hadoop-tools/hadoop-streaming/src/test/java/org/apache/hadoop/streaming/TestRawBytesStreaming.java","L21040","2","0","0","3","65","97"
"L21058","TestStreamAggregate.java","C:/Users/Sarkar/Desktop/sm/hadoop-release-2.3.0/hadoop-tools/hadoop-streaming/src/test/java/org/apache/hadoop/streaming/TestStreamAggregate.java","L21040","2","0","1","3","64","104"
"L21059","TestStreamDataProtocol.java","C:/Users/Sarkar/Desktop/sm/hadoop-release-2.3.0/hadoop-tools/hadoop-streaming/src/test/java/org/apache/hadoop/streaming/TestStreamDataProtocol.java","L21040","2","0","1","3","77","118"
"L21060","TestStreaming.java","C:/Users/Sarkar/Desktop/sm/hadoop-release-2.3.0/hadoop-tools/hadoop-streaming/src/test/java/org/apache/hadoop/streaming/TestStreaming.java","L21040","1","0","1","4","123","204"
"L21061","TestStreamingBackground.java","C:/Users/Sarkar/Desktop/sm/hadoop-release-2.3.0/hadoop-tools/hadoop-streaming/src/test/java/org/apache/hadoop/streaming/TestStreamingBackground.java","L21040","1","0","1","4","51","88"
"L21062","TestStreamingBadRecords.java","C:/Users/Sarkar/Desktop/sm/hadoop-release-2.3.0/hadoop-tools/hadoop-streaming/src/test/java/org/apache/hadoop/streaming/TestStreamingBadRecords.java","L21040","19","0","1","2","178","318"
"L21063","TestStreamingCombiner.java","C:/Users/Sarkar/Desktop/sm/hadoop-release-2.3.0/hadoop-tools/hadoop-streaming/src/test/java/org/apache/hadoop/streaming/TestStreamingCombiner.java","L21040","1","0","0","3","27","55"
"L21064","TestStreamingCounters.java","C:/Users/Sarkar/Desktop/sm/hadoop-release-2.3.0/hadoop-tools/hadoop-streaming/src/test/java/org/apache/hadoop/streaming/TestStreamingCounters.java","L21040","1","0","1","2","26","54"
"L21065","TestStreamingExitStatus.java","C:/Users/Sarkar/Desktop/sm/hadoop-release-2.3.0/hadoop-tools/hadoop-streaming/src/test/java/org/apache/hadoop/streaming/TestStreamingExitStatus.java","L21040","4","0","1","7","70","110"
"L21066","TestStreamingFailure.java","C:/Users/Sarkar/Desktop/sm/hadoop-release-2.3.0/hadoop-tools/hadoop-streaming/src/test/java/org/apache/hadoop/streaming/TestStreamingFailure.java","L21040","1","0","1","2","24","56"
"L21067","TestStreamingKeyValue.java","C:/Users/Sarkar/Desktop/sm/hadoop-release-2.3.0/hadoop-tools/hadoop-streaming/src/test/java/org/apache/hadoop/streaming/TestStreamingKeyValue.java","L21040","2","0","3","3","90","140"
"L21068","TestStreamingOutputKeyValueTypes.java","C:/Users/Sarkar/Desktop/sm/hadoop-release-2.3.0/hadoop-tools/hadoop-streaming/src/test/java/org/apache/hadoop/streaming/TestStreamingOutputKeyValueTypes.java","L21040","2","0","11","6","134","199"
"L21069","TestStreamingOutputOnlyKeys.java","C:/Users/Sarkar/Desktop/sm/hadoop-release-2.3.0/hadoop-tools/hadoop-streaming/src/test/java/org/apache/hadoop/streaming/TestStreamingOutputOnlyKeys.java","L21040","1","0","0","5","24","52"
"L21070","TestStreamingSeparator.java","C:/Users/Sarkar/Desktop/sm/hadoop-release-2.3.0/hadoop-tools/hadoop-streaming/src/test/java/org/apache/hadoop/streaming/TestStreamingSeparator.java","L21040","2","0","1","3","76","123"
"L21071","TestStreamingStatus.java","C:/Users/Sarkar/Desktop/sm/hadoop-release-2.3.0/hadoop-tools/hadoop-streaming/src/test/java/org/apache/hadoop/streaming/TestStreamingStatus.java","L21040","13","0","6","0","194","328"
"L21072","TestStreamingStderr.java","C:/Users/Sarkar/Desktop/sm/hadoop-release-2.3.0/hadoop-tools/hadoop-streaming/src/test/java/org/apache/hadoop/streaming/TestStreamingStderr.java","L21040","2","0","4","2","68","111"
"L21073","TestStreamingTaskLog.java","C:/Users/Sarkar/Desktop/sm/hadoop-release-2.3.0/hadoop-tools/hadoop-streaming/src/test/java/org/apache/hadoop/streaming/TestStreamingTaskLog.java","L21040","12","0","2","0","109","163"
"L21074","TestStreamJob.java","C:/Users/Sarkar/Desktop/sm/hadoop-release-2.3.0/hadoop-tools/hadoop-streaming/src/test/java/org/apache/hadoop/streaming/TestStreamJob.java","L21040","1","0","1","3","54","86"
"L21075","TestStreamReduceNone.java","C:/Users/Sarkar/Desktop/sm/hadoop-release-2.3.0/hadoop-tools/hadoop-streaming/src/test/java/org/apache/hadoop/streaming/TestStreamReduceNone.java","L21040","2","0","1","3","71","111"
"L21076","TestStreamXmlMultipleRecords.java","C:/Users/Sarkar/Desktop/sm/hadoop-release-2.3.0/hadoop-tools/hadoop-streaming/src/test/java/org/apache/hadoop/streaming/TestStreamXmlMultipleRecords.java","L21040","5","0","5","3","98","185"
"L21077","TestStreamXmlRecordReader.java","C:/Users/Sarkar/Desktop/sm/hadoop-release-2.3.0/hadoop-tools/hadoop-streaming/src/test/java/org/apache/hadoop/streaming/TestStreamXmlRecordReader.java","L21040","1","0","1","1","33","62"
"L21078","TestSymLink.java","C:/Users/Sarkar/Desktop/sm/hadoop-release-2.3.0/hadoop-tools/hadoop-streaming/src/test/java/org/apache/hadoop/streaming/TestSymLink.java","L21040","6","0","1","2","104","143"
"L21079","TestTypedBytesStreaming.java","C:/Users/Sarkar/Desktop/sm/hadoop-release-2.3.0/hadoop-tools/hadoop-streaming/src/test/java/org/apache/hadoop/streaming/TestTypedBytesStreaming.java","L21040","1","0","0","4","61","92"
"L21080","TestUnconsumedInput.java","C:/Users/Sarkar/Desktop/sm/hadoop-release-2.3.0/hadoop-tools/hadoop-streaming/src/test/java/org/apache/hadoop/streaming/TestUnconsumedInput.java","L21040","3","0","0","3","75","108"
"L21081","TrApp.java","C:/Users/Sarkar/Desktop/sm/hadoop-release-2.3.0/hadoop-tools/hadoop-streaming/src/test/java/org/apache/hadoop/streaming/TrApp.java","L21040","5","0","1","4","68","114"
"L21082","TrAppReduce.java","C:/Users/Sarkar/Desktop/sm/hadoop-release-2.3.0/hadoop-tools/hadoop-streaming/src/test/java/org/apache/hadoop/streaming/TrAppReduce.java","L21040","5","0","1","4","67","113"
"L21083","TypedBytesMapApp.java","C:/Users/Sarkar/Desktop/sm/hadoop-release-2.3.0/hadoop-tools/hadoop-streaming/src/test/java/org/apache/hadoop/streaming/TypedBytesMapApp.java","L21040","3","0","0","4","31","60"
"L21084","TypedBytesReduceApp.java","C:/Users/Sarkar/Desktop/sm/hadoop-release-2.3.0/hadoop-tools/hadoop-streaming/src/test/java/org/apache/hadoop/streaming/TypedBytesReduceApp.java","L21040","4","0","0","3","32","59"
"L21085","UniqApp.java","C:/Users/Sarkar/Desktop/sm/hadoop-release-2.3.0/hadoop-tools/hadoop-streaming/src/test/java/org/apache/hadoop/streaming/UniqApp.java","L21040","4","0","1","3","29","58"
"L21086","UtilTest.java","C:/Users/Sarkar/Desktop/sm/hadoop-release-2.3.0/hadoop-tools/hadoop-streaming/src/test/java/org/apache/hadoop/streaming/UtilTest.java","L21040","11","0","0","0","94","151"
"L21087","ValueCountReduce.java","C:/Users/Sarkar/Desktop/sm/hadoop-release-2.3.0/hadoop-tools/hadoop-streaming/src/test/java/org/apache/hadoop/streaming/ValueCountReduce.java","L21040","2","0","1","4","27","65"
"L23674","TestTypedBytesWritable.java","C:/Users/Sarkar/Desktop/sm/hadoop-release-2.3.0/hadoop-tools/hadoop-streaming/src/test/java/org/apache/hadoop/typedbytes/TestTypedBytesWritable.java","L23673","1","0","0","3","38","63"
"L21207","TestKeyOnlyTextOutputReader.java","C:/Users/Sarkar/Desktop/sm/hadoop-release-2.3.0/hadoop-tools/hadoop-streaming/src/test/java/org/apache/hadoop/streaming/io/TestKeyOnlyTextOutputReader.java","L21206","1","0","0","2","42","69"
